{
    "parent": "item/generated",
    "textures": {
        "layer0": "item/crossbow_standby"
    },
    "display": {
        "thirdperson_righthand": {
            "rotation": [ -90, 0, -60 ],
            "translation": [ 2, 0.1, -3 ],
            "scale": [ 0.9, 0.9, 0.9 ]
        },
        "thirdperson_lefthand": {
            "rotation": [ -90, 0, 30 ],
            "translation": [ 2, 0.1, -3 ],
            "scale": [ 0.9, 0.9, 0.9 ]
        },
        "firstperson_righthand": {
            "rotation": [ -90, 0, -55 ],
            "translation": [ 1.13, 3.2, 1.13],
            "scale": [ 0.68, 0.68, 0.68 ]
        },
        "firstperson_lefthand": {
            "rotation": [ -90, 0, 35 ],
            "translation": [ 1.13, 3.2, 1.13],
            "scale": [ 0.68, 0.68, 0.68 ]
        }
    },
    "overrides": [
        {
            "predicate": {
                "pulling": 1,
				"custom_model_data": 0
            },
            "model": "item/crossbow_pulling_0"
        },
        {
            "predicate": {
                "pulling": 1,
                "pull": 0.58,
				"custom_model_data": 0
            },
            "model": "item/crossbow_pulling_1"
        },
        {
            "predicate": {
                "pulling": 1,
                "pull": 1.0,
				"custom_model_data": 0
            },
            "model": "item/crossbow_pulling_2"
        },
        {
            "predicate": {
                "charged": 1,
				"custom_model_data": 0
            },
            "model": "item/crossbow_arrow"
        },
        {
            "predicate": {
                "charged": 1,
                "firework": 1,
				"custom_model_data": 0
            },
            "model": "item/crossbow_firework"
        },
		{
            "predicate": {
                "custom_model_data": 1
            },
            "model": "item/balestra_esplosiva"
        },
		{
            "predicate": {
                "pulling": 1,
				"custom_model_data": 1
            },
            "model": "item/balestra_esplosiva_pulling_0"
        },
        {
            "predicate": {
                "pulling": 1,
                "pull": 0.58,
				"custom_model_data": 1
            },
            "model": "item/balestra_esplosiva_pulling_1"
        },
        {
            "predicate": {
                "pulling": 1,
                "pull": 1.0,
				"custom_model_data": 1
            },
            "model": "item/balestra_esplosiva_pulling_2"
        },
        {
            "predicate": {
                "charged": 1,
				"custom_model_data": 1
            },
            "model": "item/balestra_esplosiva_arrow"
        },
        {
            "predicate": {
                "charged": 1,
                "firework": 1,
				"custom_model_data": 1
            },
            "model": "item/balestra_esplosiva_firework"
        },
		{
            "predicate": {
                "custom_model_data": 2
            },
            "model": "item/balestra_rapida"
        },
		{
            "predicate": {
                "pulling": 1,
				"custom_model_data": 2
            },
            "model": "item/balestra_rapida_pulling_0"
        },
        {
            "predicate": {
                "pulling": 1,
                "pull": 0.58,
				"custom_model_data": 2
            },
            "model": "item/balestra_rapida_pulling_1"
        },
        {
            "predicate": {
                "pulling": 1,
                "pull": 1.0,
				"custom_model_data": 2
            },
            "model": "item/balestra_rapida_pulling_2"
        },
        {
            "predicate": {
                "charged": 1,
				"custom_model_data": 2
            },
            "model": "item/balestra_rapida_arrow"
        },
        {
            "predicate": {
                "charged": 1,
                "firework": 1,
				"custom_model_data": 2
            },
            "model": "item/balestra_rapida_firework"
        },
		{
            "predicate": {
                "custom_model_data": 3
            },
            "model": "item/balestra_a_farfalla"
        },
		{
            "predicate": {
                "pulling": 1,
				"custom_model_data": 3
            },
            "model": "item/balestra_a_farfalla_pulling_0"
        },
        {
            "predicate": {
                "pulling": 1,
                "pull": 0.58,
				"custom_model_data": 3
            },
            "model": "item/balestra_a_farfalla_pulling_1"
        },
        {
            "predicate": {
                "pulling": 1,
                "pull": 1.0,
				"custom_model_data": 3
            },
            "model": "item/balestra_a_farfalla_pulling_2"
        },
        {
            "predicate": {
                "charged": 1,
				"custom_model_data": 3
            },
            "model": "item/balestra_a_farfalla_arrow"
        },
        {
            "predicate": {
                "charged": 1,
                "firework": 1,
				"custom_model_data": 3
            },
            "model": "item/balestra_a_farfalla_firework"
        },
		{
            "predicate": {
                "custom_model_data": 4
            },
            "model": "item/balestra_infuocata"
        },
		{
            "predicate": {
                "pulling": 1,
				"custom_model_data": 4
            },
            "model": "item/balestra_infuocata_pulling_0"
        },
        {
            "predicate": {
                "pulling": 1,
                "pull": 0.58,
				"custom_model_data": 4
            },
            "model": "item/balestra_infuocata_pulling_1"
        },
        {
            "predicate": {
                "pulling": 1,
                "pull": 1.0,
				"custom_model_data": 4
            },
            "model": "item/balestra_infuocata_pulling_2"
        },
        {
            "predicate": {
                "charged": 1,
				"custom_model_data": 4
            },
            "model": "item/balestra_infuocata_arrow"
        },
        {
            "predicate": {
                "charged": 1,
                "firework": 1,
				"custom_model_data": 4
            },
            "model": "item/balestra_infuocata_firework"
        },
		{
            "predicate": {
                "custom_model_data": 5
            },
            "model": "item/balestra_pesante"
        },
		{
            "predicate": {
                "pulling": 1,
				"custom_model_data": 5
            },
            "model": "item/balestra_pesante_pulling_0"
        },
        {
            "predicate": {
                "pulling": 1,
                "pull": 0.58,
				"custom_model_data": 5
            },
            "model": "item/balestra_pesante_pulling_1"
        },
        {
            "predicate": {
                "pulling": 1,
                "pull": 1.0,
				"custom_model_data": 5
            },
            "model": "item/balestra_pesante_pulling_2"
        },
        {
            "predicate": {
                "charged": 1,
				"custom_model_data": 5
            },
            "model": "item/balestra_pesante_arrow"
        },
        {
            "predicate": {
                "charged": 1,
                "firework": 1,
				"custom_model_data": 5
            },
            "model": "item/balestra_pesante_firework"
        },
		{
            "predicate": {
				"custom_model_data": 6
            },
            "model": "item/rifle"
        }
    ]
}
