{
	"credit": "Made with Blockbench",
	"textures": {
		"0": "item/mouse_1_silver",
		"1": "item/mouse_1_silver_wheel",
		"particle": "item/mouse_1_silver"
	},
	"elements": [
		{
			"from": [13, 0, 2],
			"to": [15, 1, 5],
			"rotation": {"angle": 0, "axis": "y", "origin": [21, 8, 10]},
			"faces": {
				"north": {"uv": [0, 7.46667, 2.13333, 8.53333], "texture": "#0"},
				"east": {"uv": [0, 7.46667, 3.2, 8.53333], "texture": "#0"},
				"south": {"uv": [0, 7.46667, 2.13333, 8.53333], "texture": "#0"},
				"west": {"uv": [0, 7.46667, 3.2, 8.53333], "texture": "#0"},
				"up": {"uv": [0, 0, 10.66667, 16], "rotation": 180, "texture": "#0"},
				"down": {"uv": [0, 7.46667, 2.13333, 10.66667], "texture": "#0"}
			}
		},
		{
			"from": [13.75, 0.25, 3.5],
			"to": [14.25, 1.25, 4.5],
			"rotation": {"angle": 0, "axis": "y", "origin": [22, 8, 12]},
			"faces": {
				"north": {"uv": [0, 0, 0.5, 1], "texture": "#1"},
				"east": {"uv": [0, 0, 1, 1], "texture": "#1"},
				"south": {"uv": [0, 0, 0.5, 1], "texture": "#1"},
				"west": {"uv": [0, 0, 1, 1], "texture": "#1"},
				"up": {"uv": [0, 0, 0.5, 1], "texture": "#1"}
			}
		}
	],
	"display": {
		"thirdperson_righthand": {
			"translation": [0, 4, 1.75],
			"scale": [0.5, 0.5, 0.5]
		},
		"thirdperson_lefthand": {
			"translation": [0, 4, 1.75],
			"scale": [0.5, 0.5, 0.5]
		},
		"firstperson_righthand": {
			"rotation": [0, -180, 0],
			"translation": [0, 0, -9.75]
		},
		"firstperson_lefthand": {
			"rotation": [0, -180, 0],
			"translation": [0, 0, -9.75]
		},
		"ground": {
			"translation": [0, 4.75, 0]
		},
		"gui": {
			"rotation": [0, -180, 0],
			"scale": [0.8, 0.8, 0.8]
		},
		"fixed": {
			"rotation": [-90, 0, 0],
			"translation": [0, 0, -11],
			"scale": [1.4, 1.4, 1.4]
		}
	}
}