{
	"credit": "Made with Blockbench",
	"textures": {
		"0": "item/trash_can_black",
		"particle": "item/trash_can_black"
	},
	"elements": [
		{
			"from": [1, 0, 2],
			"to": [15, 5, 11],
			"faces": {
				"north": {"uv": [9, 13.5, 16, 16], "texture": "#0"},
				"east": {"uv": [11.5, 13.5, 16, 16], "texture": "#0"},
				"south": {"uv": [9, 13.5, 16, 16], "texture": "#0"},
				"west": {"uv": [11.5, 13.5, 16, 16], "texture": "#0"},
				"down": {"uv": [9, 11.5, 16, 16], "texture": "#0"}
			}
		},
		{
			"from": [1, 5, 2],
			"to": [15, 19, 16],
			"rotation": {"angle": 0, "axis": "y", "origin": [8, 13, 8]},
			"faces": {
				"north": {"uv": [0, 0, 7, 7], "texture": "#0"},
				"east": {"uv": [0, 9, 7, 16], "texture": "#0"},
				"south": {"uv": [9, 9, 16, 16], "texture": "#0"},
				"west": {"uv": [9, 0, 16, 7], "texture": "#0"},
				"down": {"uv": [9, 9, 16, 16], "texture": "#0"}
			}
		},
		{
			"from": [0, 19, 1],
			"to": [16, 21, 17],
			"rotation": {"angle": 0, "axis": "y", "origin": [8, 27, 8]},
			"faces": {
				"north": {"uv": [8, 15, 16, 16], "texture": "#0"},
				"east": {"uv": [8, 15, 16, 16], "texture": "#0"},
				"south": {"uv": [8, 8, 16, 8.5], "texture": "#0"},
				"west": {"uv": [8, 15, 16, 16], "texture": "#0"},
				"up": {"uv": [8, 8, 16, 16], "rotation": 180, "texture": "#0"},
				"down": {"uv": [8, 8, 16, 16], "texture": "#0"}
			}
		},
		{
			"from": [1, 21, 2],
			"to": [15, 22, 17],
			"rotation": {"angle": 0, "axis": "y", "origin": [8, 29, 8]},
			"faces": {
				"north": {"uv": [9, 15.5, 16, 16], "texture": "#0"},
				"east": {"uv": [8.5, 15.5, 16, 16], "texture": "#0"},
				"south": {"uv": [8.5, 8, 15.5, 8.5], "texture": "#0"},
				"west": {"uv": [8.5, 15.5, 16, 16], "texture": "#0"},
				"up": {"uv": [8.5, 8, 15.5, 15.5], "rotation": 180, "texture": "#0"}
			}
		},
		{
			"from": [3, 22, 4],
			"to": [4, 23, 7],
			"rotation": {"angle": 0, "axis": "y", "origin": [10, 30, -2]},
			"faces": {
				"north": {"uv": [15.5, 15.5, 16, 16], "texture": "#0"},
				"east": {"uv": [15.5, 14.5, 16, 16], "texture": "#0"},
				"south": {"uv": [15.5, 15.5, 16, 16], "texture": "#0"},
				"west": {"uv": [15.5, 14.5, 16, 16], "texture": "#0"},
				"up": {"uv": [15.5, 14.5, 16, 16], "texture": "#0"}
			}
		},
		{
			"from": [12, 22, 4],
			"to": [13, 23, 7],
			"rotation": {"angle": 0, "axis": "y", "origin": [19, 30, -2]},
			"faces": {
				"north": {"uv": [15.5, 15.5, 16, 16], "texture": "#0"},
				"east": {"uv": [15.5, 14.5, 16, 16], "texture": "#0"},
				"south": {"uv": [15.5, 15.5, 16, 16], "texture": "#0"},
				"west": {"uv": [15.5, 14.5, 16, 16], "texture": "#0"},
				"up": {"uv": [15.5, 14.5, 16, 16], "texture": "#0"}
			}
		},
		{
			"from": [2, 1, 11],
			"to": [14, 5, 15],
			"rotation": {"angle": 0, "axis": "y", "origin": [11, 8, 19]},
			"faces": {
				"east": {"uv": [14, 14, 16, 16], "texture": "#0"},
				"south": {"uv": [10, 14, 16, 16], "texture": "#0"},
				"west": {"uv": [14, 14, 16, 16], "texture": "#0"},
				"down": {"uv": [10, 14, 16, 16], "texture": "#0"}
			}
		},
		{
			"from": [1, 0, 12],
			"to": [2, 4, 16],
			"rotation": {"angle": 0, "axis": "y", "origin": [9, 8, 20]},
			"faces": {
				"north": {"uv": [0, 7, 0.5, 9], "texture": "#0"},
				"east": {"uv": [0, 7, 2, 9], "texture": "#0"},
				"south": {"uv": [0, 7, 0.5, 9], "texture": "#0"},
				"west": {"uv": [0, 7, 2, 9], "texture": "#0"},
				"up": {"uv": [0, 7, 2, 7.5], "texture": "#0"},
				"down": {"uv": [0, 8.5, 2, 9], "texture": "#0"}
			}
		},
		{
			"from": [14, 0, 12],
			"to": [15, 4, 16],
			"rotation": {"angle": 0, "axis": "y", "origin": [22, 8, 20]},
			"faces": {
				"north": {"uv": [0, 7, 0.5, 9], "texture": "#0"},
				"east": {"uv": [0, 7, 2, 9], "texture": "#0"},
				"south": {"uv": [0, 7, 0.5, 9], "texture": "#0"},
				"west": {"uv": [0, 7, 2, 9], "texture": "#0"},
				"up": {"uv": [0, 7, 2, 7.5], "texture": "#0"},
				"down": {"uv": [0, 8.5, 2, 9], "texture": "#0"}
			}
		}
	],
	"display": {
		"thirdperson_righthand": {
			"scale": [0.5, 0.5, 0.5]
		},
		"thirdperson_lefthand": {
			"scale": [0.5, 0.5, 0.5]
		},
		"firstperson_righthand": {
			"scale": [0.5, 0.5, 0.5]
		},
		"firstperson_lefthand": {
			"scale": [0.5, 0.5, 0.5]
		},
		"ground": {
			"translation": [0, 3, 0],
			"scale": [0.8, 0.8, 0.8]
		},
		"gui": {
			"rotation": [0, -90, 0],
			"translation": [1, -1.5, 0],
			"scale": [0.6, 0.6, 0.6]
		},
		"fixed": {
			"rotation": [-90, 0, 0],
			"translation": [0, -2.75, -16],
			"scale": [2, 2, 2]
		}
	}
}