{
	"credit": "Made with Blockbench",
	"ambientocclusion": false,
	"parent": "minecraft:block/template_orientable_trapdoor_bottom",
	"textures": {
		"0": "block/warped_trapdoor",
		"1": "block/warped_trapdoor_inverted",
		"particle": "block/warped_trapdoor"
	},
	"elements": [
		{
			"from": [0, 0, 0],
			"to": [3, 3, 16],
			"faces": {
				"north": {"uv": [13, 15, 16, 16], "texture": "#0"},
				"east": {"uv": [13, 0, 14, 16], "rotation": 270, "texture": "#0"},
				"south": {"uv": [13, 0, 16, 1], "rotation": 180, "texture": "#0"},
				"west": {"uv": [15, 0, 16, 16], "rotation": 90, "texture": "#0"},
				"up": {"uv": [13, 0, 16, 16], "rotation": 180, "texture": "#0"},
				"down": {"uv": [0, 0, 3, 16], "texture": "#1"}
			}
		},
		{
			"from": [13, 0, 0],
			"to": [16, 3, 16],
			"rotation": {"angle": 0, "axis": "y", "origin": [21, 8, 8]},
			"faces": {
				"north": {"uv": [0, 15, 3, 16], "texture": "#0"},
				"east": {"uv": [0, 0, 1, 16], "rotation": 270, "texture": "#0"},
				"south": {"uv": [0, 0, 3, 1], "rotation": 180, "texture": "#0"},
				"west": {"uv": [2, 0, 3, 16], "rotation": 90, "texture": "#0"},
				"up": {"uv": [0, 0, 3, 16], "rotation": 180, "texture": "#0"},
				"down": {"uv": [13, 0, 16, 16], "texture": "#1"}
			}
		},
		{
			"from": [3, 0, 0],
			"to": [13, 3, 3],
			"rotation": {"angle": 0, "axis": "y", "origin": [11, 8, 8]},
			"faces": {
				"north": {"uv": [3, 15, 13, 16], "texture": "#0"},
				"south": {"uv": [3, 13, 13, 14], "texture": "#0"},
				"up": {"uv": [3, 13, 13, 16], "rotation": 180, "texture": "#0"},
				"down": {"uv": [3, 13, 13, 16], "texture": "#1"}
			}
		},
		{
			"from": [3, 0, 13],
			"to": [13, 3, 16],
			"rotation": {"angle": 0, "axis": "y", "origin": [11, 8, 21]},
			"faces": {
				"north": {"uv": [3, 2, 13, 3], "texture": "#0"},
				"south": {"uv": [3, 0, 13, 1], "rotation": 180, "texture": "#0"},
				"up": {"uv": [3, 0, 13, 3], "rotation": 180, "texture": "#0"},
				"down": {"uv": [3, 0, 13, 3], "texture": "#1"}
			}
		},
		{
			"from": [4, 0, 3],
			"to": [5, 3, 4],
			"rotation": {"angle": 0, "axis": "y", "origin": [12, 8, 11]},
			"faces": {
				"east": {"uv": [11, 12, 12, 13], "texture": "#0"},
				"south": {"uv": [11, 12, 12, 13], "texture": "#0"},
				"west": {"uv": [11, 12, 12, 13], "texture": "#0"},
				"up": {"uv": [11, 12, 12, 13], "texture": "#0"},
				"down": {"uv": [4, 12, 5, 13], "texture": "#1"}
			}
		},
		{
			"from": [3, 0, 5],
			"to": [4, 3, 10],
			"rotation": {"angle": 0, "axis": "y", "origin": [11, 8, 13]},
			"faces": {
				"north": {"uv": [12, 9, 13, 10], "texture": "#0"},
				"east": {"uv": [12, 5, 13, 10], "rotation": 270, "texture": "#0"},
				"south": {"uv": [12, 5, 13, 6], "texture": "#0"},
				"up": {"uv": [12, 5, 13, 10], "rotation": 180, "texture": "#0"},
				"down": {"uv": [3, 5, 4, 10], "texture": "#1"}
			}
		},
		{
			"from": [5, 0, 12],
			"to": [8, 3, 13],
			"rotation": {"angle": 0, "axis": "y", "origin": [13, 8, 20]},
			"faces": {
				"north": {"uv": [8, 3, 11, 4], "texture": "#0"},
				"east": {"uv": [8, 3, 9, 4], "texture": "#0"},
				"west": {"uv": [10, 3, 11, 4], "texture": "#0"},
				"up": {"uv": [8, 3, 11, 4], "rotation": 180, "texture": "#0"},
				"down": {"uv": [5, 3, 8, 4], "texture": "#1"}
			}
		},
		{
			"from": [6, 0, 9],
			"to": [7, 3, 12],
			"rotation": {"angle": 0, "axis": "y", "origin": [14, 8, 17]},
			"faces": {
				"north": {"uv": [9, 6, 10, 7], "texture": "#0"},
				"east": {"uv": [9, 4, 10, 7], "rotation": 270, "texture": "#0"},
				"west": {"uv": [9, 4, 10, 7], "rotation": 90, "texture": "#0"},
				"up": {"uv": [9, 4, 10, 7], "rotation": 180, "texture": "#0"},
				"down": {"uv": [6, 4, 7, 7], "texture": "#1"}
			}
		},
		{
			"from": [5, 0, 4],
			"to": [6, 3, 11],
			"rotation": {"angle": 0, "axis": "y", "origin": [13, 8, 18]},
			"faces": {
				"north": {"uv": [10, 11, 11, 12], "texture": "#0"},
				"east": {"uv": [10, 5, 11, 12], "rotation": 270, "texture": "#0"},
				"south": {"uv": [10, 5, 11, 6], "texture": "#0"},
				"west": {"uv": [10, 5, 11, 12], "rotation": 90, "texture": "#0"},
				"up": {"uv": [10, 5, 11, 12], "rotation": 180, "texture": "#0"},
				"down": {"uv": [5, 5, 6, 12], "texture": "#1"}
			}
		},
		{
			"from": [6, 0, 3],
			"to": [7, 3, 6],
			"rotation": {"angle": 0, "axis": "y", "origin": [14, 8, 11]},
			"faces": {
				"east": {"uv": [9, 10, 10, 13], "rotation": 90, "texture": "#0"},
				"south": {"uv": [9, 10, 10, 11], "texture": "#0"},
				"west": {"uv": [9, 10, 10, 13], "rotation": 90, "texture": "#0"},
				"up": {"uv": [9, 10, 10, 13], "texture": "#0"},
				"down": {"uv": [6, 10, 7, 13], "texture": "#1"}
			}
		},
		{
			"from": [12, 0, 8],
			"to": [13, 3, 10],
			"rotation": {"angle": 0, "axis": "y", "origin": [20, 8, 16]},
			"faces": {
				"north": {"uv": [3, 7, 4, 8], "texture": "#0"},
				"south": {"uv": [3, 6, 4, 7], "texture": "#0"},
				"west": {"uv": [3, 6, 4, 8], "rotation": 90, "texture": "#0"},
				"up": {"uv": [3, 6, 4, 8], "texture": "#0"},
				"down": {"uv": [12, 6, 13, 8], "texture": "#1"}
			}
		},
		{
			"from": [10, 0, 3],
			"to": [12, 3, 7],
			"rotation": {"angle": 0, "axis": "y", "origin": [18, 8, 11]},
			"faces": {
				"east": {"uv": [4, 9, 5, 13], "rotation": 270, "texture": "#0"},
				"south": {"uv": [4, 9, 6, 10], "rotation": 180, "texture": "#0"},
				"west": {"uv": [5, 9, 6, 13], "rotation": 90, "texture": "#0"},
				"up": {"uv": [4, 9, 6, 13], "rotation": 180, "texture": "#0"},
				"down": {"uv": [10, 9, 12, 13], "texture": "#1"}
			}
		},
		{
			"from": [9, 0, 3],
			"to": [10, 3, 4],
			"rotation": {"angle": 0, "axis": "y", "origin": [17, 8, 11]},
			"faces": {
				"south": {"uv": [6, 12, 7, 13], "texture": "#0"},
				"west": {"uv": [6, 12, 7, 13], "texture": "#0"},
				"up": {"uv": [6, 12, 7, 13], "texture": "#0"},
				"down": {"uv": [9, 12, 10, 13], "texture": "#1"}
			}
		},
		{
			"from": [9, 0, 6],
			"to": [10, 3, 12],
			"rotation": {"angle": 0, "axis": "y", "origin": [17, 8, 14]},
			"faces": {
				"north": {"uv": [6, 9, 7, 10], "texture": "#0"},
				"east": {"uv": [6, 4, 7, 10], "rotation": 270, "texture": "#0"},
				"south": {"uv": [6, 4, 7, 5], "texture": "#0"},
				"west": {"uv": [6, 4, 7, 10], "rotation": 90, "texture": "#0"},
				"up": {"uv": [6, 4, 7, 10], "rotation": 180, "texture": "#0"},
				"down": {"uv": [9, 4, 10, 10], "texture": "#1"}
			}
		},
		{
			"from": [10, 0, 7],
			"to": [11, 3, 8],
			"rotation": {"angle": 0, "axis": "y", "origin": [18, 8, 15]},
			"faces": {
				"east": {"uv": [5, 8, 6, 9], "texture": "#0"},
				"south": {"uv": [5, 8, 6, 9], "texture": "#0"},
				"up": {"uv": [5, 8, 6, 9], "texture": "#0"},
				"down": {"uv": [10, 8, 11, 9], "texture": "#1"}
			}
		},
		{
			"from": [10, 0, 10],
			"to": [11, 3, 13],
			"rotation": {"angle": 0, "axis": "y", "origin": [18, 8, 18]},
			"faces": {
				"north": {"uv": [5, 5, 6, 6], "texture": "#0"},
				"east": {"uv": [5, 3, 6, 6], "rotation": 270, "texture": "#0"},
				"west": {"uv": [5, 3, 6, 6], "rotation": 90, "texture": "#0"},
				"up": {"uv": [5, 3, 6, 6], "rotation": 180, "texture": "#0"},
				"down": {"uv": [10, 3, 11, 6], "texture": "#1"}
			}
		},
		{
			"from": [11, 0, 11],
			"to": [12, 3, 13],
			"rotation": {"angle": 0, "axis": "y", "origin": [19, 8, 19]},
			"faces": {
				"north": {"uv": [4, 4, 5, 5], "texture": "#0"},
				"east": {"uv": [4, 3, 5, 5], "rotation": 270, "texture": "#0"},
				"up": {"uv": [4, 3, 5, 5], "rotation": 180, "texture": "#0"},
				"down": {"uv": [11, 3, 12, 5], "texture": "#1"}
			}
		}
	]
}