{
	"credit": "Made with Blockbench",
	"parent": "rail_raised_ne",
	"textures": {
		"0": "block/activator_rail",
		"particle": "block/activator_rail"
	},
	"elements": [
		{
			"from": [2, 0, 0],
			"to": [4, 2, 1],
			"rotation": {"angle": 0, "axis": "y", "origin": [10, 23, -6]},
			"faces": {
				"north": {"uv": [12, 14, 14, 16], "texture": "#0"},
				"east": {"uv": [12, 14, 13, 16], "texture": "#0"},
				"south": {"uv": [2, 14, 4, 16], "texture": "#0"},
				"west": {"uv": [13, 14, 14, 16], "texture": "#0"},
				"up": {"uv": [12, 15, 14, 16], "rotation": 180, "texture": "#0"},
				"down": {"uv": [2, 15, 4, 16], "texture": "#0"}
			}
		},
		{
			"from": [12, 0, 0],
			"to": [14, 2, 1],
			"rotation": {"angle": 0, "axis": "y", "origin": [10, 23, -6]},
			"faces": {
				"north": {"uv": [2, 14, 4, 16], "texture": "#0"},
				"east": {"uv": [2, 14, 3, 16], "texture": "#0"},
				"south": {"uv": [12, 14, 14, 16], "texture": "#0"},
				"west": {"uv": [3, 14, 4, 16], "texture": "#0"},
				"up": {"uv": [2, 15, 4, 16], "rotation": 180, "texture": "#0"},
				"down": {"uv": [12, 15, 14, 16], "texture": "#0"}
			}
		},
		{
			"from": [7, 3, 3],
			"to": [9, 5, 4],
			"rotation": {"angle": 0, "axis": "y", "origin": [10, 23, -6]},
			"faces": {
				"north": {"uv": [7, 12, 9, 14], "texture": "#0"},
				"east": {"uv": [7, 11, 8, 13], "texture": "#0"},
				"south": {"uv": [7, 12, 9, 14], "rotation": 180, "texture": "#0"},
				"west": {"uv": [8, 11, 9, 13], "texture": "#0"},
				"up": {"uv": [7, 12, 9, 13], "texture": "#0"},
				"down": {"uv": [7, 12, 9, 13], "texture": "#0"}
			}
		},
		{
			"from": [7, 4, 4],
			"to": [9, 6, 5],
			"rotation": {"angle": 0, "axis": "y", "origin": [10, 23, -6]},
			"faces": {
				"north": {"uv": [7, 11, 9, 13], "texture": "#0"},
				"east": {"uv": [7, 11, 8, 13], "texture": "#0"},
				"south": {"uv": [7, 11, 9, 13], "texture": "#0"},
				"west": {"uv": [8, 11, 9, 13], "texture": "#0"},
				"up": {"uv": [7, 11, 9, 12], "texture": "#0"},
				"down": {"uv": [7, 11, 9, 12], "texture": "#0"}
			}
		},
		{
			"from": [7, 7, 7],
			"to": [9, 9, 8],
			"rotation": {"angle": 0, "axis": "y", "origin": [10, 23, 20]},
			"faces": {
				"north": {"uv": [7, 8, 9, 10], "texture": "#0"},
				"east": {"uv": [7, 7, 8, 9], "texture": "#0"},
				"south": {"uv": [7, 8, 9, 10], "rotation": 180, "texture": "#0"},
				"west": {"uv": [8, 7, 9, 9], "texture": "#0"},
				"up": {"uv": [7, 8, 9, 9], "texture": "#0"},
				"down": {"uv": [7, 8, 9, 9], "texture": "#0"}
			}
		},
		{
			"from": [7, 8, 8],
			"to": [9, 10, 9],
			"rotation": {"angle": 0, "axis": "y", "origin": [10, 23, 21]},
			"faces": {
				"north": {"uv": [7, 7, 9, 9], "texture": "#0"},
				"east": {"uv": [7, 7, 8, 9], "texture": "#0"},
				"south": {"uv": [7, 7, 9, 9], "texture": "#0"},
				"west": {"uv": [8, 7, 9, 9], "texture": "#0"},
				"up": {"uv": [7, 7, 9, 8], "texture": "#0"},
				"down": {"uv": [7, 7, 9, 8], "texture": "#0"}
			}
		},
		{
			"from": [7, 11, 11],
			"to": [9, 13, 12],
			"rotation": {"angle": 0, "axis": "y", "origin": [10, 23, 24]},
			"faces": {
				"north": {"uv": [7, 4, 9, 6], "texture": "#0"},
				"east": {"uv": [7, 3, 8, 5], "texture": "#0"},
				"south": {"uv": [7, 4, 9, 6], "rotation": 180, "texture": "#0"},
				"west": {"uv": [8, 3, 9, 5], "texture": "#0"},
				"up": {"uv": [7, 4, 9, 5], "texture": "#0"},
				"down": {"uv": [7, 4, 9, 5], "texture": "#0"}
			}
		},
		{
			"from": [7, 12, 12],
			"to": [9, 14, 13],
			"rotation": {"angle": 0, "axis": "y", "origin": [10, 23, 25]},
			"faces": {
				"north": {"uv": [7, 3, 9, 5], "texture": "#0"},
				"east": {"uv": [7, 3, 8, 5], "texture": "#0"},
				"south": {"uv": [7, 3, 9, 5], "texture": "#0"},
				"west": {"uv": [8, 3, 9, 5], "texture": "#0"},
				"up": {"uv": [7, 3, 9, 4], "texture": "#0"},
				"down": {"uv": [7, 3, 9, 4], "texture": "#0"}
			}
		},
		{
			"from": [1, 1, 1],
			"to": [15, 3, 2],
			"rotation": {"angle": 0, "axis": "y", "origin": [10, 23, -6]},
			"faces": {
				"north": {"uv": [1, 13, 15, 15], "texture": "#0"},
				"east": {"uv": [1, 13, 2, 15], "texture": "#0"},
				"south": {"uv": [1, 13, 15, 15], "texture": "#0"},
				"west": {"uv": [14, 13, 15, 15], "texture": "#0"},
				"up": {"uv": [1, 14, 15, 15], "texture": "#0"},
				"down": {"uv": [1, 14, 15, 15], "texture": "#0"}
			}
		},
		{
			"from": [1, 2, 2],
			"to": [15, 4, 3],
			"rotation": {"angle": 0, "axis": "y", "origin": [10, 23, -6]},
			"faces": {
				"north": {"uv": [1, 13, 15, 15], "texture": "#0"},
				"east": {"uv": [1, 13, 2, 15], "texture": "#0"},
				"south": {"uv": [1, 13, 15, 15], "texture": "#0"},
				"west": {"uv": [14, 13, 15, 15], "texture": "#0"},
				"up": {"uv": [1, 13, 15, 14], "texture": "#0"},
				"down": {"uv": [1, 13, 15, 14], "texture": "#0"}
			}
		},
		{
			"from": [12, 3, 3],
			"to": [14, 5, 4],
			"rotation": {"angle": 0, "axis": "y", "origin": [10, 23, -6]},
			"faces": {
				"north": {"uv": [2, 14, 4, 16], "texture": "#0"},
				"east": {"uv": [2, 11, 3, 13], "texture": "#0"},
				"south": {"uv": [12, 11, 14, 13], "texture": "#0"},
				"west": {"uv": [3, 11, 4, 13], "texture": "#0"},
				"up": {"uv": [2, 12, 4, 13], "rotation": 180, "texture": "#0"},
				"down": {"uv": [12, 12, 14, 13], "texture": "#0"}
			}
		},
		{
			"from": [2, 3, 3],
			"to": [4, 5, 4],
			"rotation": {"angle": 0, "axis": "y", "origin": [10, 23, -6]},
			"faces": {
				"north": {"uv": [12, 10, 14, 12], "texture": "#0"},
				"east": {"uv": [12, 11, 13, 13], "texture": "#0"},
				"south": {"uv": [2, 12, 4, 14], "texture": "#0"},
				"west": {"uv": [13, 11, 14, 13], "texture": "#0"},
				"up": {"uv": [12, 12, 14, 13], "rotation": 180, "texture": "#0"},
				"down": {"uv": [2, 12, 4, 13], "texture": "#0"}
			}
		},
		{
			"from": [12, 4, 4],
			"to": [14, 6, 5],
			"rotation": {"angle": 0, "axis": "y", "origin": [10, 23, -6]},
			"faces": {
				"north": {"uv": [2, 11, 4, 13], "texture": "#0"},
				"east": {"uv": [2, 11, 3, 13], "texture": "#0"},
				"south": {"uv": [2, 11, 4, 13], "texture": "#0"},
				"west": {"uv": [3, 11, 4, 13], "texture": "#0"},
				"up": {"uv": [2, 11, 4, 12], "rotation": 180, "texture": "#0"},
				"down": {"uv": [2, 11, 4, 13], "texture": "#0"}
			}
		},
		{
			"from": [2, 4, 4],
			"to": [4, 6, 5],
			"rotation": {"angle": 0, "axis": "y", "origin": [10, 23, 15]},
			"faces": {
				"north": {"uv": [12, 9, 14, 11], "texture": "#0"},
				"east": {"uv": [12, 11, 13, 13], "texture": "#0"},
				"south": {"uv": [2, 10, 4, 12], "texture": "#0"},
				"west": {"uv": [13, 11, 14, 13], "texture": "#0"},
				"up": {"uv": [12, 11, 14, 12], "rotation": 180, "texture": "#0"},
				"down": {"uv": [2, 11, 4, 12], "texture": "#0"}
			}
		},
		{
			"from": [1, 5, 5],
			"to": [15, 7, 6],
			"rotation": {"angle": 0, "axis": "y", "origin": [10, 23, 18]},
			"faces": {
				"north": {"uv": [1, 9, 15, 11], "texture": "#0"},
				"east": {"uv": [1, 9, 2, 11], "texture": "#0"},
				"south": {"uv": [1, 9, 15, 11], "texture": "#0"},
				"west": {"uv": [14, 9, 15, 11], "texture": "#0"},
				"up": {"uv": [1, 10, 15, 11], "texture": "#0"},
				"down": {"uv": [1, 10, 15, 11], "texture": "#0"}
			}
		},
		{
			"from": [1, 6, 6],
			"to": [15, 8, 7],
			"rotation": {"angle": 0, "axis": "y", "origin": [10, 23, 19]},
			"faces": {
				"north": {"uv": [1, 9, 15, 11], "texture": "#0"},
				"east": {"uv": [1, 9, 2, 11], "texture": "#0"},
				"south": {"uv": [1, 9, 15, 11], "texture": "#0"},
				"west": {"uv": [14, 9, 15, 11], "texture": "#0"},
				"up": {"uv": [1, 9, 15, 10], "texture": "#0"},
				"down": {"uv": [1, 9, 15, 10], "texture": "#0"}
			}
		},
		{
			"from": [12, 7, 7],
			"to": [14, 9, 8],
			"rotation": {"angle": 0, "axis": "y", "origin": [10, 23, 20]},
			"faces": {
				"north": {"uv": [2, 8, 4, 10], "texture": "#0"},
				"east": {"uv": [2, 7, 3, 9], "texture": "#0"},
				"south": {"uv": [12, 10, 14, 12], "texture": "#0"},
				"west": {"uv": [3, 7, 4, 9], "texture": "#0"},
				"up": {"uv": [2, 8, 4, 9], "rotation": 180, "texture": "#0"},
				"down": {"uv": [12, 8, 14, 9], "texture": "#0"}
			}
		},
		{
			"from": [2, 7, 7],
			"to": [4, 9, 8],
			"rotation": {"angle": 0, "axis": "y", "origin": [10, 23, 20]},
			"faces": {
				"north": {"uv": [12, 8, 14, 10], "texture": "#0"},
				"east": {"uv": [12, 7, 13, 9], "texture": "#0"},
				"south": {"uv": [2, 10, 4, 12], "texture": "#0"},
				"west": {"uv": [13, 7, 14, 9], "texture": "#0"},
				"up": {"uv": [12, 8, 14, 9], "rotation": 180, "texture": "#0"},
				"down": {"uv": [2, 8, 4, 9], "texture": "#0"}
			}
		},
		{
			"from": [12, 8, 8],
			"to": [14, 10, 9],
			"rotation": {"angle": 0, "axis": "y", "origin": [10, 23, 21]},
			"faces": {
				"north": {"uv": [2, 7, 4, 9], "texture": "#0"},
				"east": {"uv": [2, 7, 3, 9], "texture": "#0"},
				"south": {"uv": [12, 7, 14, 9], "texture": "#0"},
				"west": {"uv": [3, 7, 4, 9], "texture": "#0"},
				"up": {"uv": [2, 7, 4, 8], "rotation": 180, "texture": "#0"},
				"down": {"uv": [12, 7, 14, 8], "texture": "#0"}
			}
		},
		{
			"from": [2, 8, 8],
			"to": [4, 10, 9],
			"rotation": {"angle": 0, "axis": "y", "origin": [10, 23, 21]},
			"faces": {
				"north": {"uv": [12, 5, 14, 7], "texture": "#0"},
				"east": {"uv": [12, 7, 13, 9], "texture": "#0"},
				"south": {"uv": [2, 6, 4, 8], "texture": "#0"},
				"west": {"uv": [13, 7, 14, 9], "texture": "#0"},
				"up": {"uv": [12, 7, 14, 8], "rotation": 180, "texture": "#0"},
				"down": {"uv": [2, 7, 4, 8], "texture": "#0"}
			}
		},
		{
			"from": [1, 9, 9],
			"to": [15, 11, 10],
			"rotation": {"angle": 0, "axis": "y", "origin": [10, 23, 22]},
			"faces": {
				"north": {"uv": [1, 5, 15, 7], "texture": "#0"},
				"east": {"uv": [1, 5, 2, 7], "texture": "#0"},
				"south": {"uv": [1, 5, 15, 7], "texture": "#0"},
				"west": {"uv": [14, 5, 15, 7], "texture": "#0"},
				"up": {"uv": [1, 6, 15, 7], "texture": "#0"},
				"down": {"uv": [1, 6, 15, 7], "texture": "#0"}
			}
		},
		{
			"from": [1, 10, 10],
			"to": [15, 12, 11],
			"rotation": {"angle": 0, "axis": "y", "origin": [10, 23, 23]},
			"faces": {
				"north": {"uv": [1, 5, 15, 7], "texture": "#0"},
				"east": {"uv": [1, 5, 2, 7], "texture": "#0"},
				"south": {"uv": [1, 5, 15, 7], "texture": "#0"},
				"west": {"uv": [14, 5, 15, 7], "texture": "#0"},
				"up": {"uv": [1, 5, 15, 6], "texture": "#0"},
				"down": {"uv": [1, 5, 15, 6], "texture": "#0"}
			}
		},
		{
			"from": [12, 11, 11],
			"to": [14, 13, 12],
			"rotation": {"angle": 0, "axis": "y", "origin": [10, 23, 24]},
			"faces": {
				"north": {"uv": [2, 4, 4, 6], "texture": "#0"},
				"east": {"uv": [2, 3, 3, 5], "texture": "#0"},
				"south": {"uv": [12, 3, 14, 5], "texture": "#0"},
				"west": {"uv": [3, 3, 4, 5], "texture": "#0"},
				"up": {"uv": [2, 4, 4, 5], "rotation": 180, "texture": "#0"},
				"down": {"uv": [12, 4, 14, 5], "texture": "#0"}
			}
		},
		{
			"from": [2, 11, 11],
			"to": [4, 13, 12],
			"rotation": {"angle": 0, "axis": "y", "origin": [10, 23, 24]},
			"faces": {
				"north": {"uv": [12, 4, 14, 6], "texture": "#0"},
				"east": {"uv": [12, 3, 13, 5], "texture": "#0"},
				"south": {"uv": [2, 3, 4, 5], "texture": "#0"},
				"west": {"uv": [13, 3, 14, 5], "texture": "#0"},
				"up": {"uv": [12, 4, 14, 5], "rotation": 180, "texture": "#0"},
				"down": {"uv": [2, 4, 4, 5], "texture": "#0"}
			}
		},
		{
			"from": [12, 12, 12],
			"to": [14, 14, 13],
			"rotation": {"angle": 0, "axis": "y", "origin": [10, 23, 25]},
			"faces": {
				"north": {"uv": [2, 3, 4, 5], "texture": "#0"},
				"east": {"uv": [2, 3, 3, 5], "texture": "#0"},
				"south": {"uv": [12, 2, 14, 4], "texture": "#0"},
				"west": {"uv": [3, 3, 4, 5], "texture": "#0"},
				"up": {"uv": [2, 3, 4, 4], "rotation": 180, "texture": "#0"},
				"down": {"uv": [12, 3, 14, 4], "texture": "#0"}
			}
		},
		{
			"from": [2, 12, 12],
			"to": [4, 14, 13],
			"rotation": {"angle": 0, "axis": "y", "origin": [10, 23, 25]},
			"faces": {
				"north": {"uv": [12, 3, 14, 5], "texture": "#0"},
				"east": {"uv": [12, 3, 13, 5], "texture": "#0"},
				"south": {"uv": [2, 2, 4, 4], "texture": "#0"},
				"west": {"uv": [13, 3, 14, 5], "texture": "#0"},
				"up": {"uv": [12, 3, 14, 4], "rotation": 180, "texture": "#0"},
				"down": {"uv": [2, 3, 4, 4], "texture": "#0"}
			}
		},
		{
			"from": [1, 13, 13],
			"to": [15, 15, 14],
			"rotation": {"angle": 0, "axis": "y", "origin": [10, 23, 26]},
			"faces": {
				"north": {"uv": [1, 1, 15, 3], "texture": "#0"},
				"east": {"uv": [1, 1, 2, 3], "texture": "#0"},
				"south": {"uv": [1, 1, 15, 3], "texture": "#0"},
				"west": {"uv": [14, 1, 15, 3], "texture": "#0"},
				"up": {"uv": [1, 2, 15, 3], "texture": "#0"},
				"down": {"uv": [1, 2, 15, 3], "texture": "#0"}
			}
		},
		{
			"from": [1, 14, 14],
			"to": [15, 16, 15],
			"rotation": {"angle": 0, "axis": "y", "origin": [10, 23, 27]},
			"faces": {
				"north": {"uv": [1, 1, 15, 2], "texture": "#0"},
				"east": {"uv": [1, 1, 2, 3], "texture": "#0"},
				"south": {"uv": [1, 1, 15, 2], "texture": "#0"},
				"west": {"uv": [14, 1, 15, 3], "texture": "#0"},
				"up": {"uv": [1, 1, 15, 2], "texture": "#0"},
				"down": {"uv": [1, 1, 15, 2], "texture": "#0"}
			}
		},
		{
			"from": [12, 15, 15],
			"to": [14, 17, 16],
			"rotation": {"angle": 0, "axis": "y", "origin": [10, 23, 28]},
			"faces": {
				"north": {"uv": [2, 0, 4, 2], "texture": "#0"},
				"east": {"uv": [2, 0, 3, 2], "texture": "#0"},
				"south": {"uv": [12, 0, 14, 2], "texture": "#0"},
				"west": {"uv": [3, 0, 4, 2], "texture": "#0"},
				"up": {"uv": [2, 0, 4, 1], "rotation": 180, "texture": "#0"},
				"down": {"uv": [12, 0, 14, 1], "texture": "#0"}
			}
		},
		{
			"from": [2, 15, 15],
			"to": [4, 17, 16],
			"rotation": {"angle": 0, "axis": "y", "origin": [10, 23, 12]},
			"faces": {
				"north": {"uv": [12, 0, 14, 2], "texture": "#0"},
				"east": {"uv": [12, 0, 13, 2], "texture": "#0"},
				"south": {"uv": [2, 0, 4, 2], "texture": "#0"},
				"west": {"uv": [13, 0, 14, 2], "texture": "#0"},
				"up": {"uv": [12, 0, 14, 1], "texture": "#0"},
				"down": {"uv": [2, 0, 4, 1], "texture": "#0"}
			}
		}
	]
}