{
	"credit": "Made with Blockbench",
	"parent": "rail_corner",
	"textures": {
		"0": "block/rail_corner",
		"particle": "block/rail_corner"
	},
	"elements": [
		{
			"from": [2, 0, 12],
			"to": [4, 1, 16],
			"rotation": {"angle": 0, "axis": "y", "origin": [10, 8, 23]},
			"faces": {
				"north": {"uv": [0, 0, 2, 1], "texture": "#missing"},
				"east": {"uv": [3, 12, 4, 16], "rotation": 90, "texture": "#0"},
				"south": {"uv": [2, 15, 4, 16], "texture": "#0"},
				"west": {"uv": [2, 12, 3, 16], "rotation": 270, "texture": "#0"},
				"up": {"uv": [2, 12, 4, 16], "texture": "#0"},
				"down": {"uv": [2, 12, 4, 16], "texture": "#0"}
			}
		},
		{
			"from": [12, 0, 2],
			"to": [16, 1, 4],
			"rotation": {"angle": 0, "axis": "y", "origin": [23, 8, 10]},
			"faces": {
				"north": {"uv": [12, 2, 16, 3], "rotation": 180, "texture": "#0"},
				"east": {"uv": [15, 2, 16, 4], "rotation": 90, "texture": "#0"},
				"south": {"uv": [12, 3, 16, 4], "texture": "#0"},
				"west": {"uv": [0, 0, 2, 1], "texture": "#missing"},
				"up": {"uv": [12, 2, 16, 4], "texture": "#0"},
				"down": {"uv": [12, 2, 16, 4], "texture": "#0"}
			}
		},
		{
			"from": [10, 0, 3],
			"to": [12, 1, 5],
			"rotation": {"angle": 0, "axis": "y", "origin": [18, 8, 11]},
			"faces": {
				"north": {"uv": [10, 3, 12, 4], "rotation": 180, "texture": "#0"},
				"east": {"uv": [0, 0, 2, 1], "texture": "#missing"},
				"south": {"uv": [10, 4, 12, 5], "texture": "#0"},
				"west": {"uv": [10, 3, 11, 5], "rotation": 270, "texture": "#0"},
				"up": {"uv": [10, 3, 12, 5], "texture": "#0"},
				"down": {"uv": [10, 3, 12, 5], "texture": "#0"}
			}
		},
		{
			"from": [8, 0, 4],
			"to": [10, 1, 6],
			"rotation": {"angle": 0, "axis": "y", "origin": [16, 8, 12]},
			"faces": {
				"north": {"uv": [8, 4, 10, 5], "rotation": 180, "texture": "#0"},
				"east": {"uv": [9, 4, 10, 6], "rotation": 90, "texture": "#0"},
				"south": {"uv": [8, 5, 10, 6], "texture": "#0"},
				"west": {"uv": [8, 4, 9, 6], "rotation": 270, "texture": "#0"},
				"up": {"uv": [8, 4, 10, 6], "texture": "#0"},
				"down": {"uv": [8, 4, 10, 6], "texture": "#0"}
			}
		},
		{
			"from": [3, 0, 10],
			"to": [5, 1, 12],
			"rotation": {"angle": 0, "axis": "y", "origin": [11, 8, 18]},
			"faces": {
				"north": {"uv": [3, 10, 5, 11], "rotation": 180, "texture": "#0"},
				"east": {"uv": [4, 10, 5, 12], "rotation": 90, "texture": "#0"},
				"south": {"uv": [0, 0, 2, 1], "texture": "#missing"},
				"west": {"uv": [3, 10, 4, 12], "rotation": 270, "texture": "#0"},
				"up": {"uv": [3, 10, 5, 12], "texture": "#0"},
				"down": {"uv": [3, 10, 5, 12], "texture": "#0"}
			}
		},
		{
			"from": [4, 0, 8],
			"to": [6, 1, 10],
			"rotation": {"angle": 0, "axis": "y", "origin": [12, 8, 16]},
			"faces": {
				"north": {"uv": [4, 8, 6, 9], "rotation": 180, "texture": "#0"},
				"east": {"uv": [5, 8, 6, 10], "rotation": 90, "texture": "#0"},
				"south": {"uv": [4, 9, 6, 10], "texture": "#0"},
				"west": {"uv": [4, 8, 5, 10], "rotation": 270, "texture": "#0"},
				"up": {"uv": [4, 8, 6, 10], "texture": "#0"},
				"down": {"uv": [4, 8, 6, 10], "texture": "#0"}
			}
		},
		{
			"from": [5, 0, 5],
			"to": [8, 1, 8],
			"rotation": {"angle": 0, "axis": "y", "origin": [15, 8, 15]},
			"faces": {
				"north": {"uv": [5, 5, 8, 6], "rotation": 180, "texture": "#0"},
				"east": {"uv": [7, 5, 8, 8], "rotation": 90, "texture": "#0"},
				"south": {"uv": [5, 7, 8, 8], "texture": "#0"},
				"west": {"uv": [5, 5, 6, 8], "rotation": 270, "texture": "#0"},
				"up": {"uv": [5, 5, 8, 8], "texture": "#0"},
				"down": {"uv": [5, 5, 8, 8], "rotation": 270, "texture": "#0"}
			}
		},
		{
			"from": [2, 0, 11],
			"to": [3, 1, 12],
			"rotation": {"angle": 0, "axis": "y", "origin": [10, 8, 19]},
			"faces": {
				"north": {"uv": [2, 11, 3, 12], "rotation": 180, "texture": "#0"},
				"east": {"uv": [0, 0, 1, 1], "texture": "#missing"},
				"south": {"uv": [0, 0, 1, 1], "texture": "#missing"},
				"west": {"uv": [0, 0, 1, 1], "texture": "#missing"},
				"up": {"uv": [2, 11, 3, 12], "texture": "#0"},
				"down": {"uv": [11, 2, 12, 3], "texture": "#0"}
			}
		},
		{
			"from": [1, 0, 11],
			"to": [2, 1, 13],
			"rotation": {"angle": 0, "axis": "y", "origin": [9, 8, 20]},
			"faces": {
				"north": {"uv": [1, 11, 2, 12], "rotation": 180, "texture": "#0"},
				"east": {"uv": [0, 0, 2, 1], "texture": "#missing"},
				"south": {"uv": [1, 12, 2, 13], "texture": "#0"},
				"west": {"uv": [1, 11, 2, 13], "rotation": 270, "texture": "#0"},
				"up": {"uv": [1, 11, 2, 13], "texture": "#0"},
				"down": {"uv": [1, 11, 2, 13], "texture": "#0"}
			}
		},
		{
			"from": [4, 0, 12],
			"to": [7, 1, 14],
			"rotation": {"angle": 0, "axis": "y", "origin": [12, 8, 20]},
			"faces": {
				"north": {"uv": [4, 12, 7, 13], "rotation": 180, "texture": "#0"},
				"east": {"uv": [6, 12, 7, 14], "rotation": 90, "texture": "#0"},
				"south": {"uv": [4, 13, 7, 14], "texture": "#0"},
				"west": {"uv": [0, 0, 2, 1], "texture": "#missing"},
				"up": {"uv": [4, 12, 7, 14], "texture": "#0"},
				"down": {"uv": [4, 12, 7, 14], "texture": "#0"}
			}
		},
		{
			"from": [7, 0, 13],
			"to": [10, 1, 15],
			"rotation": {"angle": 0, "axis": "y", "origin": [15, 8, 21]},
			"faces": {
				"north": {"uv": [7, 13, 10, 14], "rotation": 180, "texture": "#0"},
				"east": {"uv": [9, 13, 10, 15], "rotation": 90, "texture": "#0"},
				"south": {"uv": [7, 14, 10, 15], "texture": "#0"},
				"west": {"uv": [7, 13, 8, 15], "rotation": 270, "texture": "#0"},
				"up": {"uv": [7, 13, 10, 15], "texture": "#0"},
				"down": {"uv": [7, 13, 10, 15], "texture": "#0"}
			}
		},
		{
			"from": [12, 0, 4],
			"to": [14, 1, 7],
			"rotation": {"angle": 0, "axis": "y", "origin": [20, 8, 12]},
			"faces": {
				"north": {"uv": [0, 0, 2, 1], "texture": "#missing"},
				"east": {"uv": [13, 4, 14, 7], "rotation": 90, "texture": "#0"},
				"south": {"uv": [12, 6, 14, 7], "texture": "#0"},
				"west": {"uv": [12, 4, 13, 7], "rotation": 270, "texture": "#0"},
				"up": {"uv": [12, 4, 14, 7], "texture": "#0"},
				"down": {"uv": [13, 7, 15, 10], "texture": "#0"}
			}
		},
		{
			"from": [13, 0, 7],
			"to": [15, 1, 10],
			"rotation": {"angle": 0, "axis": "y", "origin": [21, 8, 15]},
			"faces": {
				"north": {"uv": [13, 7, 15, 8], "rotation": 180, "texture": "#0"},
				"east": {"uv": [14, 7, 15, 10], "rotation": 90, "texture": "#0"},
				"south": {"uv": [13, 9, 15, 10], "texture": "#0"},
				"west": {"uv": [13, 7, 14, 10], "rotation": 270, "texture": "#0"},
				"up": {"uv": [13, 7, 15, 10], "texture": "#0"},
				"down": {"uv": [12, 4, 14, 7], "texture": "#0"}
			}
		},
		{
			"from": [11, 0, 2],
			"to": [12, 1, 3],
			"rotation": {"angle": 0, "axis": "y", "origin": [19, 8, 10]},
			"faces": {
				"north": {"uv": [0, 0, 1, 1], "texture": "#missing"},
				"east": {"uv": [0, 0, 1, 1], "texture": "#missing"},
				"south": {"uv": [0, 0, 1, 1], "texture": "#missing"},
				"west": {"uv": [11, 2, 12, 3], "rotation": 270, "texture": "#0"},
				"up": {"uv": [11, 2, 12, 3], "texture": "#0"},
				"down": {"uv": [2, 11, 3, 12], "texture": "#0"}
			}
		},
		{
			"from": [11, 0, 1],
			"to": [13, 1, 2],
			"rotation": {"angle": 0, "axis": "y", "origin": [19, 8, 9]},
			"faces": {
				"north": {"uv": [11, 1, 13, 2], "rotation": 180, "texture": "#0"},
				"east": {"uv": [12, 1, 13, 2], "texture": "#0"},
				"south": {"uv": [0, 0, 2, 1], "texture": "#missing"},
				"west": {"uv": [11, 1, 12, 2], "rotation": 270, "texture": "#0"},
				"up": {"uv": [11, 1, 13, 2], "texture": "#0"},
				"down": {"uv": [11, 1, 13, 2], "texture": "#0"}
			}
		},
		{
			"from": [10, 0, 14],
			"to": [14, 1, 16],
			"rotation": {"angle": 0, "axis": "y", "origin": [18, 8, 22]},
			"faces": {
				"north": {"uv": [10, 14, 14, 15], "rotation": 180, "texture": "#0"},
				"east": {"uv": [0, 0, 2, 1], "texture": "#missing"},
				"south": {"uv": [10, 15, 14, 16], "texture": "#0"},
				"west": {"uv": [10, 14, 11, 16], "rotation": 270, "texture": "#0"},
				"up": {"uv": [10, 14, 14, 16], "texture": "#0"},
				"down": {"uv": [10, 14, 14, 16], "texture": "#0"}
			}
		},
		{
			"from": [14, 0, 10],
			"to": [16, 1, 14],
			"rotation": {"angle": 0, "axis": "y", "origin": [20, 8, 18]},
			"faces": {
				"north": {"uv": [14, 10, 16, 11], "rotation": 180, "texture": "#0"},
				"east": {"uv": [15, 10, 16, 14], "rotation": 90, "texture": "#0"},
				"south": {"uv": [0, 0, 2, 1], "texture": "#missing"},
				"west": {"uv": [14, 10, 15, 14], "rotation": 270, "texture": "#0"},
				"up": {"uv": [14, 10, 16, 14], "texture": "#0"},
				"down": {"uv": [14, 10, 16, 14], "rotation": 180, "texture": "#0"}
			}
		},
		{
			"from": [8, 0, 8],
			"to": [10, 1, 10],
			"rotation": {"angle": 0, "axis": "y", "origin": [16, 8, 16]},
			"faces": {
				"north": {"uv": [8, 8, 10, 9], "rotation": 180, "texture": "#0"},
				"east": {"uv": [9, 8, 10, 10], "rotation": 90, "texture": "#0"},
				"south": {"uv": [8, 9, 10, 10], "texture": "#0"},
				"west": {"uv": [8, 8, 9, 10], "rotation": 270, "texture": "#0"},
				"up": {"uv": [8, 8, 10, 10], "texture": "#0"},
				"down": {"uv": [8, 8, 10, 10], "texture": "#0"}
			}
		},
		{
			"from": [10, 0, 10],
			"to": [12, 1, 12],
			"rotation": {"angle": 0, "axis": "y", "origin": [18, 8, 18]},
			"faces": {
				"north": {"uv": [10, 10, 12, 11], "rotation": 180, "texture": "#0"},
				"east": {"uv": [11, 10, 12, 12], "rotation": 90, "texture": "#0"},
				"south": {"uv": [10, 11, 12, 12], "texture": "#0"},
				"west": {"uv": [10, 10, 11, 12], "texture": "#0"},
				"up": {"uv": [10, 10, 12, 12], "texture": "#0"},
				"down": {"uv": [10, 10, 12, 12], "texture": "#0"}
			}
		},
		{
			"from": [12, 0, 12],
			"to": [14, 1, 14],
			"rotation": {"angle": 0, "axis": "y", "origin": [20, 8, 20]},
			"faces": {
				"north": {"uv": [12, 12, 14, 13], "rotation": 180, "texture": "#0"},
				"east": {"uv": [0, 0, 2, 1], "texture": "#missing"},
				"south": {"uv": [0, 0, 2, 1], "texture": "#missing"},
				"west": {"uv": [12, 12, 13, 14], "rotation": 270, "texture": "#0"},
				"up": {"uv": [12, 12, 14, 14], "texture": "#0"},
				"down": {"uv": [12, 12, 14, 14], "rotation": 270, "texture": "#0"}
			}
		},
		{
			"from": [14, 0, 14],
			"to": [16, 1, 15],
			"rotation": {"angle": 0, "axis": "y", "origin": [23, 8, 22]},
			"faces": {
				"north": {"uv": [0, 0, 2, 1], "texture": "#missing"},
				"east": {"uv": [15, 14, 16, 15], "texture": "#0"},
				"south": {"uv": [14, 14, 16, 15], "texture": "#0"},
				"west": {"uv": [0, 0, 1, 1], "texture": "#missing"},
				"up": {"uv": [14, 14, 16, 15], "texture": "#0"},
				"down": {"uv": [14, 14, 16, 15], "texture": "#0"}
			}
		},
		{
			"from": [14, 0, 15],
			"to": [15, 1, 16],
			"rotation": {"angle": 0, "axis": "y", "origin": [23, 8, 23]},
			"faces": {
				"north": {"uv": [0, 0, 1, 1], "texture": "#missing"},
				"east": {"uv": [14, 15, 15, 16], "texture": "#0"},
				"south": {"uv": [14, 15, 15, 16], "texture": "#0"},
				"west": {"uv": [0, 0, 1, 1], "texture": "#missing"},
				"up": {"uv": [14, 15, 15, 16], "texture": "#0"},
				"down": {"uv": [14, 15, 15, 16], "texture": "#0"}
			}
		},
		{
			"from": [7, 0, 8],
			"to": [8, 1, 9],
			"rotation": {"angle": 0, "axis": "y", "origin": [15, 8, 16]},
			"faces": {
				"north": {"uv": [7, 8, 8, 9], "texture": "#0"},
				"east": {"uv": [7, 8, 8, 9], "texture": "#0"},
				"south": {"uv": [7, 8, 8, 9], "texture": "#0"},
				"west": {"uv": [7, 8, 8, 9], "texture": "#0"},
				"up": {"uv": [7, 8, 8, 9], "texture": "#0"},
				"down": {"uv": [7, 8, 8, 9], "texture": "#0"}
			}
		},
		{
			"from": [10, 0, 9],
			"to": [11, 1, 10],
			"rotation": {"angle": 0, "axis": "y", "origin": [18, 8, 17]},
			"faces": {
				"north": {"uv": [10, 9, 11, 10], "texture": "#0"},
				"east": {"uv": [10, 9, 11, 10], "texture": "#0"},
				"south": {"uv": [10, 9, 11, 10], "texture": "#0"},
				"west": {"uv": [10, 9, 11, 10], "texture": "#0"},
				"up": {"uv": [10, 9, 11, 10], "texture": "#0"},
				"down": {"uv": [10, 9, 11, 10], "texture": "#0"}
			}
		},
		{
			"from": [12, 0, 11],
			"to": [13, 1, 12],
			"rotation": {"angle": 0, "axis": "y", "origin": [20, 8, 19]},
			"faces": {
				"north": {"uv": [12, 11, 13, 12], "texture": "#0"},
				"east": {"uv": [12, 11, 13, 12], "texture": "#0"},
				"south": {"uv": [12, 11, 13, 12], "texture": "#0"},
				"west": {"uv": [12, 11, 13, 12], "texture": "#0"},
				"up": {"uv": [12, 11, 13, 12], "texture": "#0"},
				"down": {"uv": [12, 11, 13, 12], "texture": "#0"}
			}
		},
		{
			"from": [9, 0, 10],
			"to": [10, 1, 11],
			"rotation": {"angle": 0, "axis": "y", "origin": [17, 8, 18]},
			"faces": {
				"north": {"uv": [9, 10, 10, 11], "texture": "#0"},
				"east": {"uv": [9, 10, 10, 11], "texture": "#0"},
				"south": {"uv": [9, 10, 10, 11], "texture": "#0"},
				"west": {"uv": [9, 10, 10, 11], "texture": "#0"},
				"up": {"uv": [9, 10, 10, 11], "texture": "#0"},
				"down": {"uv": [9, 10, 10, 11], "texture": "#0"}
			}
		},
		{
			"from": [8, 0, 7],
			"to": [9, 1, 8],
			"rotation": {"angle": 0, "axis": "y", "origin": [16, 8, 15]},
			"faces": {
				"north": {"uv": [8, 7, 9, 8], "texture": "#0"},
				"east": {"uv": [8, 7, 9, 8], "texture": "#0"},
				"south": {"uv": [8, 7, 9, 8], "texture": "#0"},
				"west": {"uv": [8, 7, 9, 8], "texture": "#0"},
				"up": {"uv": [8, 7, 9, 8], "texture": "#0"},
				"down": {"uv": [8, 7, 9, 8], "texture": "#0"}
			}
		},
		{
			"from": [11, 0, 12],
			"to": [12, 1, 13],
			"rotation": {"angle": 0, "axis": "y", "origin": [19, 8, 20]},
			"faces": {
				"north": {"uv": [11, 12, 12, 13], "texture": "#0"},
				"east": {"uv": [11, 12, 12, 13], "texture": "#0"},
				"south": {"uv": [11, 12, 12, 13], "texture": "#0"},
				"west": {"uv": [11, 12, 12, 13], "texture": "#0"},
				"up": {"uv": [11, 12, 12, 13], "texture": "#0"},
				"down": {"uv": [11, 12, 12, 13], "texture": "#0"}
			}
		}
	]
}