{
	"credit": "Made with Blockbench",
	"ambientocclusion": false,
	"textures": {
		"line": "block/redstone_dust_line1"
	},
	"elements": [
		{
			"from": [6, 0, 10],
			"to": [9, 0.75, 11],
			"rotation": {"angle": 0, "axis": "y", "origin": [14, 8, 18]},
			"faces": {
				"north": {"uv": [6, 10, 9, 10.25], "texture": "#line", "tintindex": 0},
				"east": {"uv": [8, 10, 9, 10.25], "texture": "#line", "tintindex": 0},
				"south": {"uv": [6, 10, 9, 10.25], "texture": "#line", "tintindex": 0},
				"west": {"uv": [6, 10, 7, 10.25], "texture": "#line", "tintindex": 0},
				"up": {"uv": [6, 10, 9, 11], "texture": "#line", "tintindex": 0},
				"down": {"uv": [6, 10, 9, 11], "texture": "#line", "tintindex": 0}
			}
		},
		{
			"from": [7, 0, 15],
			"to": [8, 0.75, 16],
			"rotation": {"angle": 0, "axis": "y", "origin": [15, 8, 23]},
			"faces": {
				"north": {"uv": [7, 15, 8, 16], "texture": "#line", "tintindex": 0},
				"east": {"uv": [7, 15, 8, 16], "texture": "#line", "tintindex": 0},
				"south": {"uv": [7, 15, 8, 16], "texture": "#line", "tintindex": 0},
				"west": {"uv": [7, 15, 8, 16], "texture": "#line", "tintindex": 0},
				"up": {"uv": [7, 15, 8, 16], "texture": "#line", "tintindex": 0},
				"down": {"uv": [7, 15, 8, 16], "texture": "#line", "tintindex": 0}
			}
		},
		{
			"from": [9, 0, 11],
			"to": [10, 0.75, 12],
			"rotation": {"angle": 0, "axis": "y", "origin": [17, 8, 19]},
			"faces": {
				"north": {"uv": [9, 11, 10, 12], "texture": "#line", "tintindex": 0},
				"east": {"uv": [9, 11, 10, 12], "texture": "#line", "tintindex": 0},
				"south": {"uv": [9, 11, 10, 12], "texture": "#line", "tintindex": 0},
				"west": {"uv": [9, 11, 10, 12], "texture": "#line", "tintindex": 0},
				"up": {"uv": [9, 11, 10, 12], "texture": "#line", "tintindex": 0},
				"down": {"uv": [9, 11, 10, 12], "texture": "#line", "tintindex": 0}
			}
		},
		{
			"from": [7, 0, 12],
			"to": [8, 0.75, 13],
			"rotation": {"angle": 0, "axis": "y", "origin": [15, 8, 20]},
			"faces": {
				"north": {"uv": [7, 12, 8, 13], "texture": "#line", "tintindex": 0},
				"east": {"uv": [7, 12, 8, 13], "texture": "#line", "tintindex": 0},
				"south": {"uv": [7, 12, 8, 13], "texture": "#line", "tintindex": 0},
				"west": {"uv": [7, 12, 8, 13], "texture": "#line", "tintindex": 0},
				"up": {"uv": [7, 12, 8, 13], "texture": "#line", "tintindex": 0},
				"down": {"uv": [7, 12, 8, 13], "texture": "#line", "tintindex": 0}
			}
		},
		{
			"from": [8, 0, 12],
			"to": [9, 0.75, 15],
			"rotation": {"angle": 0, "axis": "y", "origin": [16, 8, 20]},
			"faces": {
				"north": {"uv": [8, 12, 9, 12.25], "texture": "#line", "tintindex": 0},
				"east": {"uv": [8, 12, 8.25, 15], "rotation": 90, "texture": "#line", "tintindex": 0},
				"south": {"uv": [8, 14, 9, 14.25], "texture": "#line", "tintindex": 0},
				"west": {"uv": [8, 12, 8.25, 15], "texture": "#line", "tintindex": 0},
				"up": {"uv": [8, 12, 9, 15], "texture": "#line", "tintindex": 0},
				"down": {"uv": [8, 12, 9, 15], "texture": "#line", "tintindex": 0}
			}
		},
		{
			"from": [7, 0, 8],
			"to": [8, 0.75, 10],
			"rotation": {"angle": 0, "axis": "y", "origin": [15, 8, 17]},
			"faces": {
				"north": {"uv": [7, 8, 8, 8.25], "texture": "#line", "tintindex": 0},
				"east": {"uv": [7, 8, 7.25, 10], "rotation": 90, "texture": "#line", "tintindex": 0},
				"south": {"uv": [0, 0, 1, 0.25], "texture": "#line", "tintindex": 0},
				"west": {"uv": [7, 8, 7.25, 10], "rotation": 270, "texture": "#line", "tintindex": 0},
				"up": {"uv": [7, 8, 8, 10], "texture": "#line", "tintindex": 0},
				"down": {"uv": [7, 8, 8, 10], "texture": "#line", "tintindex": 0}
			}
		}
	]
}