{
	"credit": "Made with Blockbench",
	"ambientocclusion": false,
	"textures": {
		"line": "block/redstone_dust_line0"
	},
	"elements": [
		{
			"from": [8, 0, 0],
			"to": [9, 0.75, 1],
			"rotation": {"angle": 0, "axis": "y", "origin": [16, 8, 8]},
			"faces": {
				"north": {"uv": [8, 0, 9, 1], "texture": "#line", "tintindex": 0},
				"east": {"uv": [8, 0, 9, 1], "texture": "#line", "tintindex": 0},
				"south": {"uv": [8, 0, 9, 1], "texture": "#line", "tintindex": 0},
				"west": {"uv": [8, 0, 9, 1], "texture": "#line", "tintindex": 0},
				"up": {"uv": [8, 0, 9, 1], "texture": "#line", "tintindex": 0},
				"down": {"uv": [8, 0, 9, 1], "texture": "#line", "tintindex": 0}
			}
		},
		{
			"from": [8, 0, 2],
			"to": [9, 0.75, 4],
			"rotation": {"angle": 0, "axis": "y", "origin": [16, 8, 10]},
			"faces": {
				"north": {"uv": [8, 2, 9, 3], "texture": "#line", "tintindex": 0},
				"east": {"uv": [8, 2, 9, 4], "rotation": 90, "texture": "#line", "tintindex": 0},
				"south": {"uv": [8, 3, 9, 4], "texture": "#line", "tintindex": 0},
				"west": {"uv": [8, 2, 9, 4], "rotation": 270, "texture": "#line", "tintindex": 0},
				"up": {"uv": [8, 2, 9, 4], "texture": "#line", "tintindex": 0},
				"down": {"uv": [8, 2, 9, 4], "texture": "#line", "tintindex": 0}
			}
		},
		{
			"from": [7, 0, 3],
			"to": [8, 0.75, 5],
			"rotation": {"angle": 0, "axis": "y", "origin": [15, 8, 11]},
			"faces": {
				"north": {"uv": [7, 3, 8, 4], "texture": "#line", "tintindex": 0},
				"east": {"uv": [7, 3, 8, 5], "rotation": 90, "texture": "#line", "tintindex": 0},
				"south": {"uv": [7, 4, 8, 5], "texture": "#line", "tintindex": 0},
				"west": {"uv": [7, 3, 8, 5], "rotation": 270, "texture": "#line", "tintindex": 0},
				"up": {"uv": [7, 3, 8, 5], "texture": "#line", "tintindex": 0},
				"down": {"uv": [7, 3, 8, 5], "texture": "#line", "tintindex": 0}
			}
		},
		{
			"from": [9, 0, 4],
			"to": [10, 0.75, 7],
			"rotation": {"angle": 0, "axis": "y", "origin": [17, 8, 12]},
			"faces": {
				"north": {"uv": [9, 4, 10, 5], "texture": "#line", "tintindex": 0},
				"east": {"uv": [9, 4, 10, 7], "texture": "#line", "tintindex": 0},
				"south": {"uv": [9, 4, 10, 5], "texture": "#line", "tintindex": 0},
				"west": {"uv": [9, 4, 10, 7], "texture": "#line", "tintindex": 0},
				"up": {"uv": [9, 4, 10, 7], "texture": "#line", "tintindex": 0},
				"down": {"uv": [9, 4, 10, 5], "texture": "#line", "tintindex": 0}
			}
		},
		{
			"from": [8, 0, 7],
			"to": [10, 0.75, 8],
			"rotation": {"angle": 0, "axis": "y", "origin": [17, 8, 15]},
			"faces": {
				"north": {"uv": [8, 6, 10, 6.25], "texture": "#line", "tintindex": 0},
				"east": {"uv": [9, 6, 10, 6.25], "texture": "#line", "tintindex": 0},
				"south": {"uv": [8, 6, 10, 6.25], "texture": "#line", "tintindex": 0},
				"west": {"uv": [8, 6, 9, 6.25], "texture": "#line", "tintindex": 0},
				"up": {"uv": [8, 6, 10, 7], "texture": "#line", "tintindex": 0},
				"down": {"uv": [8, 6, 10, 7], "texture": "#line", "tintindex": 0}
			}
		},
		{
			"from": [7, 0, 8],
			"to": [8, 0.75, 9],
			"rotation": {"angle": 0, "axis": "y", "origin": [15, 8, 16]},
			"faces": {
				"north": {"uv": [7, 7, 8, 8], "texture": "#line", "tintindex": 0},
				"east": {"uv": [7, 7, 8, 8], "texture": "#line", "tintindex": 0},
				"south": {"uv": [7, 7, 8, 8], "texture": "#line", "tintindex": 0},
				"west": {"uv": [7, 7, 8, 8], "texture": "#line", "tintindex": 0},
				"up": {"uv": [7, 7, 8, 8], "texture": "#line", "tintindex": 0},
				"down": {"uv": [7, 7, 8, 8], "texture": "#line", "tintindex": 0}
			}
		}
	]
}