{
    "ambientocclusion": false,
    "elements": [
        {
            "from": [
                5.75,
                0.76,
                5.75
            ],
            "to": [
                10.25,
                0.77,
                10.25
            ],
            "shade": false,
            "faces": {
                "up": {
                    "uv": [
                        0,
                        0,
                        16,
                        16
                    ],
                    "texture": "#power"
                }
            }
        }
    ]
}