{
	"credit": "Made with Blockbench",
	"ambientocclusion": false,
	"textures": {
		"3": "block/cactus_flower3",
		"particle": "block/flower_pot",
		"flowerpot": "block/flower_pot",
		"dirt": "block/dirt",
		"cactus": "block/cactus_side"
	},
	"elements": [
		{
			"from": [5, 0, 5],
			"to": [6, 6, 11],
			"faces": {
				"north": {"uv": [10, 10, 11, 16], "texture": "#flowerpot"},
				"east": {"uv": [5, 10, 11, 16], "texture": "#flowerpot"},
				"south": {"uv": [5, 10, 6, 16], "texture": "#flowerpot"},
				"west": {"uv": [5, 10, 11, 16], "texture": "#flowerpot"},
				"up": {"uv": [5, 5, 6, 11], "texture": "#flowerpot"},
				"down": {"uv": [5, 5, 6, 11], "texture": "#flowerpot", "cullface": "down"}
			}
		},
		{
			"from": [10, 0, 5],
			"to": [11, 6, 11],
			"faces": {
				"north": {"uv": [5, 10, 6, 16], "texture": "#flowerpot"},
				"east": {"uv": [5, 10, 11, 16], "texture": "#flowerpot"},
				"south": {"uv": [10, 10, 11, 16], "texture": "#flowerpot"},
				"west": {"uv": [5, 10, 11, 16], "texture": "#flowerpot"},
				"up": {"uv": [10, 5, 11, 11], "texture": "#flowerpot"},
				"down": {"uv": [10, 5, 11, 11], "texture": "#flowerpot", "cullface": "down"}
			}
		},
		{
			"from": [6, 0, 5],
			"to": [10, 6, 6],
			"faces": {
				"north": {"uv": [6, 10, 10, 16], "texture": "#flowerpot"},
				"south": {"uv": [6, 10, 10, 16], "texture": "#flowerpot"},
				"up": {"uv": [6, 5, 10, 6], "texture": "#flowerpot"},
				"down": {"uv": [6, 10, 10, 11], "texture": "#flowerpot", "cullface": "down"}
			}
		},
		{
			"from": [6, 0, 10],
			"to": [10, 6, 11],
			"faces": {
				"north": {"uv": [6, 10, 10, 16], "texture": "#flowerpot"},
				"south": {"uv": [6, 10, 10, 16], "texture": "#flowerpot"},
				"up": {"uv": [6, 10, 10, 11], "texture": "#flowerpot"},
				"down": {"uv": [6, 5, 10, 6], "texture": "#flowerpot", "cullface": "down"}
			}
		},
		{
			"from": [6, 0, 6],
			"to": [10, 4, 10],
			"faces": {
				"up": {"uv": [6, 6, 10, 10], "texture": "#dirt"},
				"down": {"uv": [6, 12, 10, 16], "texture": "#flowerpot", "cullface": "down"}
			}
		},
		{
			"from": [6, 4, 6],
			"to": [10, 8, 10],
			"faces": {
				"north": {"uv": [6, 8, 10, 12], "texture": "#cactus"},
				"east": {"uv": [6, 8, 10, 12], "texture": "#cactus"},
				"south": {"uv": [6, 8, 10, 12], "texture": "#cactus"},
				"west": {"uv": [6, 8, 10, 12], "texture": "#cactus"}
			}
		},
		{
			"from": [6, 8, 6],
			"to": [10, 12, 10],
			"faces": {
				"north": {"uv": [6, 4, 10, 8], "texture": "#cactus"},
				"east": {"uv": [6, 4, 10, 8], "texture": "#cactus"},
				"south": {"uv": [6, 4, 10, 8], "texture": "#cactus"},
				"west": {"uv": [6, 4, 10, 8], "texture": "#cactus"}
			}
		},
		{
			"from": [6, 12, 6],
			"to": [10, 16, 10],
			"rotation": {"angle": 0, "axis": "y", "origin": [8, 14, 8]},
			"faces": {
				"north": {"uv": [6, 0, 10, 4], "texture": "#cactus"},
				"east": {"uv": [6, 0, 10, 4], "texture": "#cactus"},
				"south": {"uv": [6, 0, 10, 4], "texture": "#cactus"},
				"west": {"uv": [6, 0, 10, 4], "texture": "#cactus"},
				"up": {"uv": [6, 6, 10, 10], "texture": "#cactus"}
			}
		},
		{
			"from": [5.5, 9, 7],
			"to": [6, 10, 8],
			"rotation": {"angle": 0, "axis": "y", "origin": [13, 17, 15]},
			"faces": {
				"north": {"uv": [7, 6, 8, 7], "texture": "#cactus"},
				"east": {"uv": [7, 6, 8, 7], "texture": "#cactus"},
				"south": {"uv": [7, 6, 8, 7], "texture": "#cactus"},
				"west": {"uv": [7, 6, 8, 7], "texture": "#cactus"},
				"up": {"uv": [7, 6, 8, 7], "texture": "#cactus"},
				"down": {"uv": [7, 6, 8, 7], "texture": "#cactus"}
			}
		},
		{
			"from": [8, 9, 5.5],
			"to": [9, 10, 6],
			"rotation": {"angle": 0, "axis": "y", "origin": [16, 17, 13]},
			"faces": {
				"north": {"uv": [7, 6, 8, 7], "texture": "#cactus"},
				"east": {"uv": [7, 6, 8, 7], "texture": "#cactus"},
				"south": {"uv": [7, 6, 8, 7], "texture": "#cactus"},
				"west": {"uv": [7, 6, 8, 7], "texture": "#cactus"},
				"up": {"uv": [7, 6, 8, 7], "texture": "#cactus"},
				"down": {"uv": [7, 6, 8, 7], "texture": "#cactus"}
			}
		},
		{
			"from": [10, 9, 8],
			"to": [10.5, 10, 9],
			"rotation": {"angle": 0, "axis": "y", "origin": [18, 17, 16]},
			"faces": {
				"north": {"uv": [7, 6, 8, 7], "texture": "#cactus"},
				"east": {"uv": [7, 6, 8, 7], "texture": "#cactus"},
				"south": {"uv": [7, 6, 8, 7], "texture": "#cactus"},
				"west": {"uv": [7, 6, 8, 7], "texture": "#cactus"},
				"up": {"uv": [7, 6, 8, 7], "texture": "#cactus"},
				"down": {"uv": [7, 6, 8, 7], "texture": "#cactus"}
			}
		},
		{
			"from": [7, 9, 10],
			"to": [8, 10, 10.5],
			"rotation": {"angle": 0, "axis": "y", "origin": [15, 17, 18]},
			"faces": {
				"north": {"uv": [7, 6, 8, 7], "texture": "#cactus"},
				"east": {"uv": [7, 6, 8, 7], "texture": "#cactus"},
				"south": {"uv": [7, 6, 8, 7], "texture": "#cactus"},
				"west": {"uv": [7, 6, 8, 7], "texture": "#cactus"},
				"up": {"uv": [7, 6, 8, 7], "texture": "#cactus"},
				"down": {"uv": [7, 6, 8, 7], "texture": "#cactus"}
			}
		},
		{
			"from": [7, 16, 6],
			"to": [8, 16.5, 7],
			"rotation": {"angle": 0, "axis": "y", "origin": [15, 24, 14]},
			"faces": {
				"north": {"uv": [7, 6, 8, 7], "texture": "#cactus"},
				"east": {"uv": [7, 6, 8, 7], "texture": "#cactus"},
				"south": {"uv": [7, 6, 8, 7], "texture": "#cactus"},
				"west": {"uv": [7, 6, 8, 7], "texture": "#cactus"},
				"up": {"uv": [7, 6, 8, 7], "texture": "#cactus"},
				"down": {"uv": [7, 6, 8, 7], "texture": "#cactus"}
			}
		},
		{
			"from": [8, 13, 10],
			"to": [9, 14, 10.5],
			"rotation": {"angle": 0, "axis": "y", "origin": [8, 13, 11]},
			"faces": {
				"north": {"uv": [1, 1, 2, 2], "texture": "#3"},
				"east": {"uv": [1, 1, 2, 2], "texture": "#3"},
				"south": {"uv": [1, 1, 2, 2], "texture": "#3"},
				"west": {"uv": [1, 1, 2, 2], "texture": "#3"},
				"up": {"uv": [1, 1, 2, 2], "rotation": 270, "texture": "#3"},
				"down": {"uv": [1, 1, 2, 2], "rotation": 90, "texture": "#3"}
			}
		},
		{
			"from": [9, 13, 10],
			"to": [10, 14, 10.5],
			"rotation": {"angle": 0, "axis": "y", "origin": [8, 13, 11]},
			"faces": {
				"north": {"uv": [2, 1, 3, 2], "texture": "#3"},
				"east": {"uv": [2, 1, 3, 2], "texture": "#3"},
				"south": {"uv": [2, 1, 3, 2], "texture": "#3"},
				"west": {"uv": [2, 1, 3, 2], "texture": "#3"},
				"up": {"uv": [2, 1, 3, 2], "rotation": 270, "texture": "#3"},
				"down": {"uv": [2, 1, 3, 2], "rotation": 90, "texture": "#3"}
			}
		},
		{
			"from": [8, 14, 10],
			"to": [9, 15, 10.5],
			"rotation": {"angle": 0, "axis": "y", "origin": [8, 13, 11]},
			"faces": {
				"north": {"uv": [1, 0, 2, 1], "texture": "#3"},
				"east": {"uv": [1, 0, 2, 1], "texture": "#3"},
				"south": {"uv": [1, 0, 2, 1], "texture": "#3"},
				"west": {"uv": [1, 0, 2, 1], "texture": "#3"},
				"up": {"uv": [1, 0, 2, 1], "rotation": 270, "texture": "#3"},
				"down": {"uv": [1, 0, 2, 1], "rotation": 90, "texture": "#3"}
			}
		},
		{
			"from": [7, 13, 10],
			"to": [8, 14, 10.5],
			"rotation": {"angle": 0, "axis": "y", "origin": [8, 13, 11]},
			"faces": {
				"north": {"uv": [0, 1, 1, 2], "texture": "#3"},
				"east": {"uv": [0, 1, 1, 2], "texture": "#3"},
				"south": {"uv": [0, 1, 1, 2], "texture": "#3"},
				"west": {"uv": [0, 1, 1, 2], "texture": "#3"},
				"up": {"uv": [0, 1, 1, 2], "rotation": 270, "texture": "#3"},
				"down": {"uv": [0, 1, 1, 2], "rotation": 90, "texture": "#3"}
			}
		},
		{
			"from": [8, 12, 10],
			"to": [9, 13, 10.5],
			"rotation": {"angle": 0, "axis": "y", "origin": [8, 13, 11]},
			"faces": {
				"north": {"uv": [1, 2, 2, 3], "texture": "#3"},
				"east": {"uv": [1, 2, 2, 3], "texture": "#3"},
				"south": {"uv": [1, 2, 2, 3], "texture": "#3"},
				"west": {"uv": [1, 2, 2, 3], "texture": "#3"},
				"up": {"uv": [1, 2, 2, 3], "rotation": 270, "texture": "#3"},
				"down": {"uv": [1, 2, 2, 3], "rotation": 90, "texture": "#3"}
			}
		}
	]
}