{
	"credit": "Made with Blockbench",
	"textures": {
		"0": "block/crimson_door_bottom",
		"1": "block/crimson_door_bottom_inverted",
		"particle": "block/crimson_door_bottom"
	},
	"elements": [
		{
			"from": [0, 0, 0],
			"to": [3, 16, 16],
			"rotation": {"angle": 0, "axis": "y", "origin": [2, 13, 4]},
			"faces": {
				"north": {"uv": [0, 0, 1, 16], "texture": "#1"},
				"east": {"uv": [0, 0, 16, 16], "texture": "#0"},
				"south": {"uv": [15, 0, 16, 16], "texture": "#1"},
				"west": {"uv": [0, 0, 16, 16], "texture": "#1"},
				"down": {"uv": [0, 15, 16, 16], "rotation": 270, "texture": "#1"}
			}
		}
	]
}