{
	"credit": "Made with Blockbench",
	"textures": {
		"0": "block/warped_door_top",
		"1": "block/warped_door_top_inverted",
		"particle": "block/warped_door_top"
	},
	"elements": [
		{
			"from": [0, 0, 0],
			"to": [3, 16, 16],
			"rotation": {"angle": 0, "axis": "y", "origin": [1.5, 3, 5]},
			"faces": {
				"north": {"uv": [0, 0, 1, 16], "texture": "#1"},
				"east": {"uv": [0, 0, 16, 16], "texture": "#0"},
				"south": {"uv": [15, 0, 16, 16], "texture": "#1"},
				"west": {"uv": [0, 0, 16, 16], "texture": "#1"},
				"up": {"uv": [0, 0, 16, 1], "rotation": 90, "texture": "#1"}
			}
		},
		{
			"from": [-0.5, 0, 2],
			"to": [0, 2, 5],
			"rotation": {"angle": 0, "axis": "y", "origin": [1.5, 3, 5]},
			"faces": {
				"north": {"uv": [2, 14, 3, 16], "texture": "#1"},
				"south": {"uv": [4, 14, 5, 16], "texture": "#1"},
				"west": {"uv": [2, 14, 5, 16], "texture": "#1"},
				"up": {"uv": [2, 14, 5, 15], "rotation": 90, "texture": "#1"},
				"down": {"uv": [2, 15, 5, 16], "rotation": 270, "texture": "#1"}
			}
		},
		{
			"from": [3, 0, 2],
			"to": [3.5, 2, 5],
			"rotation": {"angle": 0, "axis": "y", "origin": [1.5, 3, 5]},
			"faces": {
				"north": {"uv": [13, 14, 14, 16], "texture": "#0"},
				"east": {"uv": [11, 14, 14, 16], "texture": "#0"},
				"south": {"uv": [11, 14, 12, 16], "texture": "#0"},
				"up": {"uv": [11, 14, 14, 15], "rotation": 270, "texture": "#0"},
				"down": {"uv": [11, 15, 14, 16], "rotation": 90, "texture": "#0"}
			}
		}
	]
}