{
	"credit": "Made with Blockbench",
	"ambientocclusion": false,
	"textures": {
		"1": "block/cactus_flower5",
		"particle": "block/lily_pad",
		"texture": "block/lily_pad"
	},
	"elements": [
		{
			"from": [1, -1.75, 5],
			"to": [14, -0.75, 11],
			"rotation": {"angle": 0, "axis": "y", "origin": [8, 6.25, 8]},
			"faces": {
				"north": {"uv": [2, 5, 15, 6], "texture": "#texture", "tintindex": 0},
				"east": {"uv": [14, 5, 15, 11], "rotation": 90, "texture": "#texture", "tintindex": 0},
				"south": {"uv": [2, 10, 15, 11], "texture": "#texture", "tintindex": 0},
				"west": {"uv": [2, 5, 3, 11], "rotation": 90, "texture": "#texture", "tintindex": 0},
				"up": {"uv": [2, 5, 15, 11], "texture": "#texture", "tintindex": 0},
				"down": {"uv": [2, 5, 15, 11], "texture": "#texture", "tintindex": 0}
			}
		},
		{
			"from": [3, -1.75, 13],
			"to": [12, -0.75, 14],
			"rotation": {"angle": 0, "axis": "y", "origin": [8, 6.25, 8]},
			"faces": {
				"north": {"uv": [4, 13, 13, 14], "texture": "#texture", "tintindex": 0},
				"east": {"uv": [12, 13, 13, 14], "rotation": 90, "texture": "#texture", "tintindex": 0},
				"south": {"uv": [4, 13, 13, 14], "texture": "#texture", "tintindex": 0},
				"west": {"uv": [4, 13, 5, 14], "texture": "#texture", "tintindex": 0},
				"up": {"uv": [4, 13, 13, 14], "texture": "#texture", "tintindex": 0},
				"down": {"uv": [4, 13, 13, 14], "texture": "#texture", "tintindex": 0}
			}
		},
		{
			"from": [5, -1.75, 14],
			"to": [10, -0.75, 15],
			"rotation": {"angle": 0, "axis": "y", "origin": [8, 6.25, 8]},
			"faces": {
				"north": {"uv": [6, 14, 11, 15], "texture": "#texture", "tintindex": 0},
				"east": {"uv": [10, 14, 11, 15], "texture": "#texture", "tintindex": 0},
				"south": {"uv": [6, 14, 11, 15], "texture": "#texture", "tintindex": 0},
				"west": {"uv": [6, 14, 7, 15], "texture": "#texture", "tintindex": 0},
				"up": {"uv": [6, 14, 11, 15], "texture": "#texture", "tintindex": 0},
				"down": {"uv": [6, 14, 11, 15], "texture": "#texture", "tintindex": 0}
			}
		},
		{
			"from": [8, -1.75, 4],
			"to": [14, -0.75, 5],
			"rotation": {"angle": 0, "axis": "y", "origin": [8, 6.25, 8]},
			"faces": {
				"north": {"uv": [2, 4, 8, 5], "texture": "#texture", "tintindex": 0},
				"east": {"uv": [14, 4, 15, 5], "texture": "#texture", "tintindex": 0},
				"south": {"uv": [9, 4, 15, 5], "texture": "#texture", "tintindex": 0},
				"west": {"uv": [9, 4, 10, 5], "texture": "#texture", "tintindex": 0},
				"up": {"uv": [9, 4, 15, 5], "texture": "#texture", "tintindex": 0},
				"down": {"uv": [2, 4, 8, 5], "texture": "#texture", "tintindex": 0}
			}
		},
		{
			"from": [8, -1.75, 3],
			"to": [13, -0.75, 4],
			"rotation": {"angle": 0, "axis": "y", "origin": [8, 6.25, 7]},
			"faces": {
				"north": {"uv": [3, 3, 8, 4], "texture": "#texture", "tintindex": 0},
				"east": {"uv": [13, 3, 14, 4], "texture": "#texture", "tintindex": 0},
				"south": {"uv": [9, 3, 14, 4], "texture": "#texture", "tintindex": 0},
				"west": {"uv": [9, 3, 10, 4], "texture": "#texture", "tintindex": 0},
				"up": {"uv": [9, 3, 14, 4], "texture": "#texture", "tintindex": 0},
				"down": {"uv": [3, 3, 8, 4], "texture": "#texture", "tintindex": 0}
			}
		},
		{
			"from": [9, -1.75, 2],
			"to": [13, -0.75, 3],
			"rotation": {"angle": 0, "axis": "y", "origin": [8, 6.25, 7]},
			"faces": {
				"north": {"uv": [3, 2, 7, 3], "texture": "#texture", "tintindex": 0},
				"east": {"uv": [13, 2, 14, 3], "texture": "#texture", "tintindex": 0},
				"south": {"uv": [10, 2, 14, 3], "texture": "#texture", "tintindex": 0},
				"west": {"uv": [10, 2, 11, 3], "texture": "#texture", "tintindex": 0},
				"up": {"uv": [10, 2, 14, 3], "texture": "#texture", "tintindex": 0},
				"down": {"uv": [3, 2, 7, 3], "texture": "#texture", "tintindex": 0}
			}
		},
		{
			"from": [9, -1.75, 1],
			"to": [12, -0.75, 2],
			"rotation": {"angle": 0, "axis": "y", "origin": [8, 6.25, 7]},
			"faces": {
				"north": {"uv": [4, 1, 7, 2], "texture": "#texture", "tintindex": 0},
				"east": {"uv": [12, 1, 13, 2], "texture": "#texture", "tintindex": 0},
				"south": {"uv": [10, 1, 13, 2], "texture": "#texture", "tintindex": 0},
				"west": {"uv": [10, 1, 11, 2], "texture": "#texture", "tintindex": 0},
				"up": {"uv": [10, 1, 13, 2], "texture": "#texture", "tintindex": 0},
				"down": {"uv": [4, 1, 7, 2], "texture": "#texture", "tintindex": 0}
			}
		},
		{
			"from": [1, -1.75, 4],
			"to": [7, -0.75, 5],
			"rotation": {"angle": 0, "axis": "y", "origin": [8, 6.25, 8]},
			"faces": {
				"north": {"uv": [9, 4, 15, 5], "texture": "#texture", "tintindex": 0},
				"east": {"uv": [7, 4, 8, 5], "texture": "#texture", "tintindex": 0},
				"south": {"uv": [2, 4, 8, 5], "texture": "#texture", "tintindex": 0},
				"west": {"uv": [2, 4, 3, 5], "texture": "#texture", "tintindex": 0},
				"up": {"uv": [2, 4, 8, 5], "texture": "#texture", "tintindex": 0},
				"down": {"uv": [9, 4, 15, 5], "texture": "#texture", "tintindex": 0}
			}
		},
		{
			"from": [2, -1.75, 3],
			"to": [7, -0.75, 4],
			"rotation": {"angle": 0, "axis": "y", "origin": [8, 6.25, 7]},
			"faces": {
				"north": {"uv": [9, 3, 14, 4], "texture": "#texture", "tintindex": 0},
				"east": {"uv": [7, 3, 8, 4], "texture": "#texture", "tintindex": 0},
				"south": {"uv": [3, 3, 8, 4], "texture": "#texture", "tintindex": 0},
				"west": {"uv": [3, 3, 4, 4], "texture": "#texture", "tintindex": 0},
				"up": {"uv": [3, 3, 8, 4], "texture": "#texture", "tintindex": 0},
				"down": {"uv": [9, 3, 14, 4], "texture": "#texture", "tintindex": 0}
			}
		},
		{
			"from": [2, -1.75, 2],
			"to": [6, -0.75, 3],
			"rotation": {"angle": 0, "axis": "y", "origin": [8, 6.25, 7]},
			"faces": {
				"north": {"uv": [10, 2, 14, 3], "texture": "#texture", "tintindex": 0},
				"east": {"uv": [6, 2, 7, 3], "texture": "#texture", "tintindex": 0},
				"south": {"uv": [3, 2, 7, 3], "texture": "#texture", "tintindex": 0},
				"west": {"uv": [3, 2, 4, 3], "texture": "#texture", "tintindex": 0},
				"up": {"uv": [3, 2, 7, 3], "texture": "#texture", "tintindex": 0},
				"down": {"uv": [10, 2, 14, 3], "texture": "#texture", "tintindex": 0}
			}
		},
		{
			"from": [3, -1.75, 1],
			"to": [6, -0.75, 2],
			"rotation": {"angle": 0, "axis": "y", "origin": [8, 6.25, 7]},
			"faces": {
				"north": {"uv": [10, 1, 13, 2], "texture": "#texture", "tintindex": 0},
				"east": {"uv": [6, 1, 7, 2], "texture": "#texture", "tintindex": 0},
				"south": {"uv": [4, 1, 7, 2], "texture": "#texture", "tintindex": 0},
				"west": {"uv": [4, 1, 5, 2], "texture": "#texture", "tintindex": 0},
				"up": {"uv": [4, 1, 7, 2], "texture": "#texture", "tintindex": 0},
				"down": {"uv": [10, 1, 13, 2], "texture": "#texture", "tintindex": 0}
			}
		},
		{
			"from": [2, -1.75, 11],
			"to": [13, -0.75, 13],
			"rotation": {"angle": 0, "axis": "y", "origin": [8, 6.25, 8]},
			"faces": {
				"north": {"uv": [3, 11, 14, 12], "texture": "#texture", "tintindex": 0},
				"east": {"uv": [13, 11, 14, 13], "rotation": 90, "texture": "#texture", "tintindex": 0},
				"south": {"uv": [3, 12, 14, 13], "texture": "#texture", "tintindex": 0},
				"west": {"uv": [3, 11, 4, 13], "rotation": 90, "texture": "#texture", "tintindex": 0},
				"up": {"uv": [3, 11, 14, 13], "texture": "#texture", "tintindex": 0},
				"down": {"uv": [3, 11, 14, 13], "texture": "#texture", "tintindex": 0}
			}
		},
		{
			"from": [4, -0.75, 9],
			"to": [5, -0.25, 12],
			"faces": {
				"north": {"uv": [1, 2, 2, 3], "texture": "#1"},
				"east": {"uv": [1, 0, 2, 3], "rotation": 90, "texture": "#1"},
				"south": {"uv": [1, 0, 2, 1], "texture": "#1"},
				"west": {"uv": [1, 0, 2, 3], "rotation": 90, "texture": "#1"},
				"up": {"uv": [1, 0, 2, 3], "texture": "#1"}
			}
		},
		{
			"from": [3, -0.75, 10],
			"to": [4, -0.25, 11],
			"faces": {
				"north": {"uv": [2, 1, 3, 2], "texture": "#1"},
				"south": {"uv": [2, 1, 3, 2], "texture": "#1"},
				"west": {"uv": [2, 1, 3, 2], "texture": "#1"},
				"up": {"uv": [2, 1, 3, 2], "texture": "#1"}
			}
		},
		{
			"from": [5, -0.75, 10],
			"to": [6, -0.25, 11],
			"faces": {
				"north": {"uv": [0, 1, 1, 2], "texture": "#1"},
				"east": {"uv": [0, 1, 1, 2], "texture": "#1"},
				"south": {"uv": [0, 1, 1, 2], "texture": "#1"},
				"up": {"uv": [0, 1, 1, 2], "texture": "#1"}
			}
		}
	]
}