{
	"credit": "Made with Blockbench",
	"textures": {
		"0": "block/birch_trapdoor",
		"1": "block/birch_trapdoor_inverted",
		"particle": "block/birch_trapdoor"
	},
	"elements": [
		{
			"from": [0, 0, 0],
			"to": [16, 3, 16],
			"faces": {
				"north": {"uv": [0, 15, 16, 16], "texture": "#0"},
				"east": {"uv": [0, 0, 1, 16], "rotation": 270, "texture": "#0"},
				"south": {"uv": [0, 0, 16, 1], "rotation": 180, "texture": "#0"},
				"west": {"uv": [15, 0, 16, 16], "rotation": 90, "texture": "#0"},
				"up": {"uv": [0, 0, 16, 16], "rotation": 180, "texture": "#0"},
				"down": {"uv": [0, 0, 16, 16], "texture": "#1"}
			}
		},
		{
			"from": [6, 3, 1],
			"to": [10, 3.5, 2],
			"rotation": {"angle": 0, "axis": "y", "origin": [14, 11, 9]},
			"faces": {
				"north": {"uv": [6, 14, 10, 15], "texture": "#0"},
				"east": {"uv": [6, 14, 7, 15], "texture": "#0"},
				"south": {"uv": [6, 14, 10, 15], "texture": "#0"},
				"west": {"uv": [9, 14, 10, 15], "texture": "#0"},
				"up": {"uv": [6, 14, 10, 15], "texture": "#0"}
			}
		},
		{
			"from": [6, -0.5, 1],
			"to": [10, 0, 2],
			"rotation": {"angle": 0, "axis": "y", "origin": [14, 7, 9]},
			"faces": {
				"north": {"uv": [6, 14, 10, 15], "rotation": 180, "texture": "#1"},
				"east": {"uv": [9, 14, 10, 15], "texture": "#1"},
				"south": {"uv": [6, 14, 10, 15], "texture": "#1"},
				"west": {"uv": [6, 14, 7, 15], "texture": "#1"},
				"down": {"uv": [6, 14, 10, 15], "texture": "#1"}
			}
		}
	]
}