{
	"credit": "Made with Blockbench",
	"textures": {
		"0": "block/birch_trapdoor",
		"1": "block/birch_trapdoor_inverted",
		"particle": "block/birch_trapdoor"
	},
	"elements": [
		{
			"from": [0, 0, 13],
			"to": [16, 16, 16],
			"rotation": {"angle": 0, "axis": "x", "origin": [8, 8, 21]},
			"faces": {
				"north": {"uv": [0, 0, 16, 16], "rotation": 180, "texture": "#1"},
				"east": {"uv": [0, 0, 1, 16], "rotation": 180, "texture": "#0"},
				"south": {"uv": [0, 0, 16, 16], "rotation": 180, "texture": "#0"},
				"west": {"uv": [15, 0, 16, 16], "rotation": 180, "texture": "#0"},
				"up": {"uv": [0, 15, 16, 16], "rotation": 180, "texture": "#0"},
				"down": {"uv": [0, 0, 16, 1], "rotation": 180, "texture": "#0"}
			}
		},
		{
			"from": [6, 14, 16],
			"to": [10, 15, 16.5],
			"rotation": {"angle": 0, "axis": "x", "origin": [8, 8, 21]},
			"faces": {
				"east": {"uv": [6, 14, 7, 15], "rotation": 270, "texture": "#0"},
				"south": {"uv": [6, 14, 10, 15], "texture": "#0"},
				"west": {"uv": [9, 14, 10, 15], "rotation": 90, "texture": "#0"},
				"up": {"uv": [6, 14, 10, 15], "rotation": 180, "texture": "#0"},
				"down": {"uv": [6, 14, 10, 15], "texture": "#0"}
			}
		},
		{
			"from": [6, 14, 12.5],
			"to": [10, 15, 13],
			"rotation": {"angle": 0, "axis": "x", "origin": [8, 8, 21]},
			"faces": {
				"north": {"uv": [6, 14, 10, 15], "rotation": 180, "texture": "#1"},
				"east": {"uv": [9, 14, 10, 15], "rotation": 270, "texture": "#1"},
				"west": {"uv": [6, 14, 7, 15], "rotation": 90, "texture": "#1"},
				"up": {"uv": [6, 14, 10, 15], "texture": "#1"},
				"down": {"uv": [6, 14, 10, 15], "texture": "#1"}
			}
		}
	]
}