{
	"credit": "Made with Blockbench",
	"textures": {
		"0": "block/crimson_trapdoor",
		"1": "block/crimson_trapdoor_inverted",
		"particle": "block/crimson_trapdoor"
	},
	"elements": [
		{
			"from": [0, 0, 13],
			"to": [3, 16, 16],
			"rotation": {"angle": 0, "axis": "x", "origin": [8, 8, 15]},
			"faces": {
				"north": {"uv": [0, 0, 3, 16], "rotation": 180, "texture": "#1"},
				"east": {"uv": [13, 0, 14, 16], "texture": "#0"},
				"south": {"uv": [13, 0, 16, 16], "rotation": 180, "texture": "#0"},
				"west": {"uv": [15, 0, 16, 16], "rotation": 180, "texture": "#0"},
				"up": {"uv": [13, 15, 16, 16], "rotation": 180, "texture": "#0"},
				"down": {"uv": [13, 0, 16, 1], "rotation": 180, "texture": "#0"}
			}
		},
		{
			"from": [13, 0, 13],
			"to": [16, 16, 16],
			"rotation": {"angle": 0, "axis": "x", "origin": [8, 8, 15]},
			"faces": {
				"north": {"uv": [13, 0, 16, 16], "rotation": 180, "texture": "#1"},
				"east": {"uv": [0, 0, 1, 16], "rotation": 180, "texture": "#0"},
				"south": {"uv": [0, 0, 3, 16], "rotation": 180, "texture": "#0"},
				"west": {"uv": [2, 0, 3, 16], "rotation": 180, "texture": "#0"},
				"up": {"uv": [0, 15, 3, 16], "rotation": 180, "texture": "#0"},
				"down": {"uv": [0, 0, 3, 1], "rotation": 180, "texture": "#0"}
			}
		},
		{
			"from": [3, 13, 13],
			"to": [13, 16, 16],
			"rotation": {"angle": 0, "axis": "x", "origin": [8, 8, 15]},
			"faces": {
				"north": {"uv": [3, 13, 13, 16], "rotation": 180, "texture": "#1"},
				"south": {"uv": [3, 13, 13, 16], "rotation": 180, "texture": "#0"},
				"up": {"uv": [3, 15, 13, 16], "rotation": 180, "texture": "#0"},
				"down": {"uv": [3, 13, 13, 14], "rotation": 180, "texture": "#0"}
			}
		},
		{
			"from": [3, 9, 13],
			"to": [13, 12, 16],
			"rotation": {"angle": 0, "axis": "x", "origin": [8, 8, 15]},
			"faces": {
				"north": {"uv": [3, 9, 13, 12], "rotation": 180, "texture": "#1"},
				"south": {"uv": [3, 9, 13, 12], "rotation": 180, "texture": "#0"},
				"up": {"uv": [3, 11, 13, 12], "rotation": 180, "texture": "#0"},
				"down": {"uv": [3, 9, 13, 10], "rotation": 180, "texture": "#0"}
			}
		},
		{
			"from": [3, 0, 13],
			"to": [13, 3, 16],
			"rotation": {"angle": 0, "axis": "x", "origin": [8, 8, 15]},
			"faces": {
				"north": {"uv": [3, 0, 13, 3], "rotation": 180, "texture": "#1"},
				"south": {"uv": [3, 0, 13, 3], "rotation": 180, "texture": "#0"},
				"up": {"uv": [3, 2, 13, 3], "rotation": 180, "texture": "#0"},
				"down": {"uv": [3, 0, 13, 1], "rotation": 180, "texture": "#0"}
			}
		},
		{
			"from": [3, 4, 13],
			"to": [13, 7, 16],
			"rotation": {"angle": 0, "axis": "x", "origin": [8, 8, 15]},
			"faces": {
				"north": {"uv": [3, 4, 13, 7], "rotation": 180, "texture": "#1"},
				"south": {"uv": [3, 4, 13, 7], "rotation": 180, "texture": "#0"},
				"up": {"uv": [3, 6, 13, 7], "rotation": 180, "texture": "#0"},
				"down": {"uv": [3, 4, 13, 5], "rotation": 180, "texture": "#0"}
			}
		}
	]
}