{
	"credit": "Made with Blockbench",
	"textures": {
		"1": "block/jungle_trapdoor_inverted",
		"particle": "block/jungle_trapdoor",
		"texture": "block/jungle_trapdoor"
	},
	"elements": [
		{
			"from": [0, 0, 13],
			"to": [16, 3, 16],
			"rotation": {"angle": 0, "axis": "x", "origin": [8, 8, 21]},
			"faces": {
				"north": {"uv": [0, 0, 16, 3], "rotation": 180, "texture": "#texture"},
				"east": {"uv": [0, 0, 1, 3], "rotation": 180, "texture": "#texture"},
				"south": {"uv": [0, 0, 16, 3], "rotation": 180, "texture": "#texture"},
				"west": {"uv": [15, 0, 16, 3], "rotation": 180, "texture": "#texture"},
				"up": {"uv": [3, 2, 13, 3], "texture": "#1"},
				"down": {"uv": [0, 0, 16, 1], "texture": "#1"}
			}
		},
		{
			"from": [0, 12, 13],
			"to": [16, 16, 16],
			"rotation": {"angle": 0, "axis": "x", "origin": [8, 8, 21]},
			"faces": {
				"north": {"uv": [0, 12, 16, 16], "rotation": 180, "texture": "#texture"},
				"east": {"uv": [0, 12, 1, 16], "rotation": 180, "texture": "#1"},
				"south": {"uv": [0, 12, 16, 16], "rotation": 180, "texture": "#texture"},
				"west": {"uv": [15, 12, 16, 16], "rotation": 180, "texture": "#texture"},
				"up": {"uv": [0, 15, 16, 16], "rotation": 180, "texture": "#1"},
				"down": {"uv": [0, 12, 16, 13], "texture": "#1"}
			}
		},
		{
			"from": [5, 14, 16],
			"to": [11, 15, 16.5],
			"rotation": {"angle": 0, "axis": "x", "origin": [8, 8, 21]},
			"faces": {
				"east": {"uv": [5, 14, 6, 15], "texture": "#texture"},
				"south": {"uv": [5, 14, 11, 15], "rotation": 180, "texture": "#texture"},
				"west": {"uv": [5, 14, 6, 15], "rotation": 180, "texture": "#texture"},
				"up": {"uv": [5, 14, 11, 15], "rotation": 180, "texture": "#texture"},
				"down": {"uv": [5, 14, 11, 15], "rotation": 180, "texture": "#texture"}
			}
		},
		{
			"from": [3, 7, 13],
			"to": [13, 9, 16],
			"rotation": {"angle": 0, "axis": "x", "origin": [8, 8, 21]},
			"faces": {
				"north": {"uv": [3, 7, 13, 9], "rotation": 180, "texture": "#texture"},
				"south": {"uv": [3, 7, 13, 9], "rotation": 180, "texture": "#texture"},
				"up": {"uv": [3, 8, 13, 9], "texture": "#1"},
				"down": {"uv": [3, 7, 13, 8], "texture": "#1"}
			}
		},
		{
			"from": [12, 9, 13],
			"to": [13, 12, 16],
			"rotation": {"angle": 0, "axis": "x", "origin": [8, 8, 21]},
			"faces": {
				"north": {"uv": [12, 9, 13, 12], "rotation": 180, "texture": "#texture"},
				"south": {"uv": [3, 9, 4, 12], "rotation": 180, "texture": "#texture"},
				"west": {"uv": [3, 9, 4, 12], "rotation": 180, "texture": "#texture"}
			}
		},
		{
			"from": [12, 3, 13],
			"to": [13, 5, 16],
			"rotation": {"angle": 0, "axis": "x", "origin": [8, 8, 21]},
			"faces": {
				"north": {"uv": [12, 3, 13, 5], "rotation": 180, "texture": "#texture"},
				"south": {"uv": [3, 3, 4, 5], "rotation": 180, "texture": "#texture"},
				"west": {"uv": [3, 3, 4, 5], "rotation": 180, "texture": "#1"},
				"up": {"uv": [3, 4, 4, 5], "rotation": 270, "texture": "#1"}
			}
		},
		{
			"from": [11, 3, 13],
			"to": [12, 4, 16],
			"rotation": {"angle": 0, "axis": "x", "origin": [8, 8, 21]},
			"faces": {
				"north": {"uv": [11, 3, 12, 4], "rotation": 180, "texture": "#texture"},
				"south": {"uv": [4, 3, 5, 4], "rotation": 180, "texture": "#texture"},
				"west": {"uv": [4, 3, 5, 4], "rotation": 180, "texture": "#1"},
				"up": {"uv": [4, 3, 5, 4], "rotation": 270, "texture": "#1"}
			}
		},
		{
			"from": [3, 3, 13],
			"to": [4, 5, 16],
			"rotation": {"angle": 0, "axis": "x", "origin": [8, 8, 21]},
			"faces": {
				"north": {"uv": [3, 3, 4, 5], "rotation": 180, "texture": "#texture"},
				"east": {"uv": [12, 3, 13, 5], "rotation": 180, "texture": "#1"},
				"south": {"uv": [12, 3, 13, 5], "rotation": 180, "texture": "#texture"},
				"up": {"uv": [12, 4, 13, 5], "rotation": 270, "texture": "#1"}
			}
		},
		{
			"from": [4, 3, 13],
			"to": [5, 4, 16],
			"rotation": {"angle": 0, "axis": "x", "origin": [8, 8, 21]},
			"faces": {
				"north": {"uv": [4, 3, 5, 4], "rotation": 180, "texture": "#texture"},
				"east": {"uv": [11, 3, 12, 4], "texture": "#1"},
				"south": {"uv": [11, 3, 12, 4], "rotation": 180, "texture": "#texture"},
				"up": {"uv": [11, 3, 12, 4], "rotation": 270, "texture": "#1"}
			}
		},
		{
			"from": [3, 9, 13],
			"to": [4, 12, 16],
			"rotation": {"angle": 0, "axis": "x", "origin": [8, 8, 21]},
			"faces": {
				"north": {"uv": [3, 9, 4, 12], "rotation": 180, "texture": "#texture"},
				"east": {"uv": [12, 9, 13, 12], "rotation": 180, "texture": "#1"},
				"south": {"uv": [3, 9, 4, 12], "rotation": 180, "texture": "#texture"}
			}
		},
		{
			"from": [11, 11, 13],
			"to": [12, 12, 16],
			"rotation": {"angle": 0, "axis": "x", "origin": [8, 8, 21]},
			"faces": {
				"north": {"uv": [11, 11, 12, 12], "rotation": 180, "texture": "#texture"},
				"south": {"uv": [4, 11, 5, 12], "rotation": 180, "texture": "#texture"},
				"west": {"uv": [4, 11, 5, 12], "rotation": 180, "texture": "#1"},
				"down": {"uv": [4, 11, 5, 12], "texture": "#1"}
			}
		},
		{
			"from": [4, 11, 13],
			"to": [5, 12, 16],
			"rotation": {"angle": 0, "axis": "x", "origin": [8, 8, 21]},
			"faces": {
				"north": {"uv": [4, 11, 5, 12], "rotation": 180, "texture": "#texture"},
				"east": {"uv": [11, 11, 12, 12], "texture": "#1"},
				"south": {"uv": [4, 11, 5, 12], "rotation": 180, "texture": "#texture"},
				"down": {"uv": [11, 11, 12, 12], "texture": "#1"}
			}
		},
		{
			"from": [13, 3, 13],
			"to": [16, 12, 16],
			"rotation": {"angle": 0, "axis": "x", "origin": [8, 8, 21]},
			"faces": {
				"north": {"uv": [13, 3, 16, 12], "rotation": 180, "texture": "#texture"},
				"east": {"uv": [0, 3, 1, 12], "rotation": 180, "texture": "#1"},
				"south": {"uv": [0, 3, 3, 12], "rotation": 180, "texture": "#texture"},
				"west": {"uv": [2, 3, 3, 12], "rotation": 180, "texture": "#1"}
			}
		},
		{
			"from": [0, 3, 13],
			"to": [3, 12, 16],
			"rotation": {"angle": 0, "axis": "x", "origin": [8, 8, 21]},
			"faces": {
				"north": {"uv": [0, 3, 3, 12], "rotation": 180, "texture": "#texture"},
				"east": {"uv": [13, 3, 14, 12], "rotation": 180, "texture": "#1"},
				"south": {"uv": [13, 3, 16, 12], "rotation": 180, "texture": "#texture"},
				"west": {"uv": [15, 4, 16, 13], "texture": "#1"}
			}
		},
		{
			"from": [6, 9, 13],
			"to": [7, 12, 16],
			"rotation": {"angle": 0, "axis": "x", "origin": [8, 8, 21]},
			"faces": {
				"north": {"uv": [6, 9, 7, 12], "rotation": 180, "texture": "#1"},
				"east": {"uv": [9, 9, 10, 12], "rotation": 180, "texture": "#texture"},
				"south": {"uv": [9, 9, 10, 12], "rotation": 180, "texture": "#texture"},
				"west": {"uv": [9, 9, 10, 12], "rotation": 180, "texture": "#texture"}
			}
		},
		{
			"from": [9, 9, 13],
			"to": [10, 12, 16],
			"rotation": {"angle": 0, "axis": "x", "origin": [8, 8, 21]},
			"faces": {
				"north": {"uv": [9, 9, 10, 12], "rotation": 180, "texture": "#1"},
				"east": {"uv": [6, 9, 7, 12], "rotation": 180, "texture": "#texture"},
				"south": {"uv": [6, 9, 7, 12], "rotation": 180, "texture": "#texture"},
				"west": {"uv": [6, 9, 7, 12], "rotation": 180, "texture": "#texture"}
			}
		},
		{
			"from": [9, 3, 13],
			"to": [10, 7, 16],
			"rotation": {"angle": 0, "axis": "x", "origin": [8, 8, 21]},
			"faces": {
				"north": {"uv": [9, 3, 10, 7], "rotation": 180, "texture": "#1"},
				"east": {"uv": [6, 3, 7, 7], "rotation": 180, "texture": "#texture"},
				"south": {"uv": [6, 3, 7, 7], "rotation": 180, "texture": "#texture"},
				"west": {"uv": [6, 3, 7, 7], "rotation": 180, "texture": "#texture"}
			}
		},
		{
			"from": [6, 3, 13],
			"to": [7, 7, 16],
			"rotation": {"angle": 0, "axis": "x", "origin": [8, 8, 21]},
			"faces": {
				"north": {"uv": [6, 3, 7, 7], "rotation": 180, "texture": "#1"},
				"east": {"uv": [9, 3, 10, 7], "rotation": 180, "texture": "#texture"},
				"south": {"uv": [9, 3, 10, 7], "rotation": 180, "texture": "#texture"},
				"west": {"uv": [9, 3, 10, 7], "rotation": 180, "texture": "#texture"}
			}
		},
		{
			"from": [5, 14, 12.5],
			"to": [11, 15, 13],
			"rotation": {"angle": 0, "axis": "x", "origin": [8, 8, 21]},
			"faces": {
				"north": {"uv": [5, 14, 11, 15], "rotation": 180, "texture": "#1"},
				"east": {"uv": [10, 14, 11, 15], "rotation": 270, "texture": "#1"},
				"west": {"uv": [5, 14, 6, 15], "rotation": 90, "texture": "#1"},
				"up": {"uv": [5, 14, 11, 15], "texture": "#1"},
				"down": {"uv": [5, 14, 11, 15], "texture": "#1"}
			}
		}
	]
}